director_id,director
1,Kirsten Johnson
2,Julien Leclercq
3,Mike Flanagan
4,Robert Cullen
5,Haile Gerima
6,Andy Devonshire
7,Theodore Melfi
8,Kongkiat Komesiri
9,Christian Schwochow
10,Bruno Garotti
11,Pedro de Echave García
12,Adam Salky
13,Olivier Megaton
14,K.S. Ravikumar
15,Alex Woo
16,S. Shankar
17,Rajiv Menon
18,Dennis Dugan
19,Scott Stewart
20,Robert Luketic
21,Ashwiny Iyer Tiwari
22,Daniel Sandu
23,Cédric Jimenez
24,George Nolfi
25,Steven Spielberg
26,Jeannot Szwarc
27,Joe Alves
28,Joseph Sargent
29,Tyler Greco
30,Daniel Espinosa
31,Bunmi Ajakaiye
32,Antoine Fuqua
33,Toshiya Shinohara
34,Masahiko Murata
35,Hajime Kamegaki
36,Hirotsugu Kawasaki
37,Toshiyuki Tsuru
38,Tensai Okamura
39,David Yarovesky
40,Hanns-Bruno Kammertöns
41,David A. Vargas
42,Kemi Adetiba
43,Ben Simms
44,Prakash Satam
45,Delhiprasad Deenadayalan
46,Tomer Eshed
47,Cedric Nicolas-Troyan
48,JJC Skillz
49,Thomas Sieben
50,Marcus Clarke
51,Alice Waddington
52,Mona Achache
53,Alexis Almström
54,Raja Gosnell
55,Stephen Kijak
56,Chapman Way
57,Jason Hehir
58,Yemi Amodu
59,Lijo Jose Pellissery
60,David de Vos
61,Luis Alfaro
62,Sara Colangelo
63,Stephen Herek
64,Rahul Rawail
65,Jane Campion
66,Nagesh Kukunoor
67,Luke Holland
68,Shanker Raman
69,JP Habac
70,Vidhu Vinod Chopra
71,Mark Rosman
72,Gilles Paquet-Brenner
73,Lasse Hallström
74,Scott Pleydell-Pearce
75,Ridley Scott
76,Neill Blomkamp
77,Phillip Noyce
78,Renny Harlin
79,Anthony Minghella
80,Simon Wincer
81,Spike Lee
82,Sebastián Schindel
83,Steven C. Miller
84,Richard LaGravenese
85,Martin Campbell
86,Reginald Hudlin
87,George Jackson
88,Eric Meza
89,Gerhard Mostert
90,Michael Martin
91,Michael Rymer
92,Andrew Lau Wai-keung
93,Brett Weiner
94,Jim Henson
95,Gary Winick
96,Danishka Esterhazy
97,Troy Byer
98,Pang Ho-cheung
99,Tim Burton
100,David Zucker
101,Kinka Usher
102,Sergio Leone
103,Matthew O'Callaghan
104,Bobby Farrelly
105,Wolfgang Petersen
106,Peter Spirer
107,Michael Carney
108,Richard Linklater
109,Amy Rice
110,Randal Kleiser
111,Michael Ritchie
112,J. Lee Thompson
113,Evan Goldberg
114,Tom Shadyac
115,Peter Segal
116,Malcolm D. Lee
117,Ramzy Bedia
118,Sharan Koppisetty
119,Taylor Sheridan
120,Sachin Yardi
121,Saurabh Kabra
122,Mark Waters
123,Partho Mitra
124,Santram Varma
125,Anil V. Kumar
126,Sangeeth Sivan
127,Umesh Ghadge
128,David Dhawan
129,Dibakar Banerjee
130,Apoorva Lakhia
131,Milan Luthria
132,Pawan Kripalani
133,Bhushan Patel
134,Magnus Martens
135,Raj Nidimoru
136,Joshua Rofé
137,Brad Anderson
138,Mauricio Dias
139,Angel Kristi Williams
140,Roger Donaldson
141,Christopher Alender
142,Rush Sturges
143,David Oyelowo
144,Mark Lo
145,Crystal Moselle
146,Rathindran R Prasad
147,Han Kwang Il
148,Karim El Shenawy
149,Yin Chen-hao
150,Brian Andrew Mendoza
151,Dave Needham
152,Veronica Velasco
153,Drake Doremus
154,Miguel Alexandre
155,Mani Ratnam
156,Michael Harte
157,Tosin Igho
158,Alice Filippi
159,Paakhi Tyrewala
160,Laura Brownson
161,Steve Brill
162,Moses Inwang
163,Ferdinando Cito Filomarino
164,Juan Carlos Medina
165,Inma Torrente
166,Julián Gaviria
167,Steven Yamamoto
168,Charles Uwagbai
169,Julián Hernández
170,Sam Hobkinson
171,Vince Marcello
172,Jonathan Teplitzky
173,Sakon Tiacharoen
174,Floyd Russ
175,Dustin Hoffman
176,Adze Ugah
177,Hideaki Takizawa
178,Quoc Bao Tran
179,Bejoy Nambiar
180,Kayode Kasum
181,Just Philippot
182,Kirk DeMicco
183,Rohit Shetty
184,Cavi Borges
185,Alejandro Doria
186,Laura Fairrie
187,Marcelo Piñeyro
188,Izu Ojukwu
189,Peter Winther
190,Susan Lacy
191,Billy Corben
192,James Mangold
193,Chineze Anyaene
194,Hsu Fu-chun
195,Kristine Stolakis
196,Eva Müller
197,Brian Levant
198,Rod Daniel
199,Robert Zemeckis
200,Todor Chapkanov
201,Phil Lord
202,John Hughes
203,Justin Baldoni
204,Joe Roth
205,Mark Helfrich
206,Mag Hsu
207,Christopher Nolan
208,Paul Thomas Anderson
209,Nick Castle
210,Howard Zieff
211,David Feiss
212,David Gordon Green
213,Jorge Blanco
214,Zara Hayes
215,Gary Ross
216,Clint Eastwood
217,Trey Parker
218,Kelly Fremon Craig
219,Tom Elkins
220,Tony Scott
221,Brad Furman
222,Sylvain White
223,Irwin Winkler
224,Garry Marshall
225,Kenneth Gyang
226,Jaume Balagueró
227,Najwa Najjar
228,Selçuk Metin
229,Keishi Otomo
230,David Charhon
231,Michelle Bello
232,Steven Tsuchida
233,Daniel Markowicz
234,Louie Schwartzberg
235,Glen Winter
236,Ram Gopal Varma
237,David Benullo
238,Laxman Utekar
239,Royale Watkins
240,Yuval Adler
241,Quentin Tarantino
242,Clay Glen
243,Muzi Mthembu
244,Marcos Bucay
245,Peter Thorwarth
246,Kim Seong-hun
247,Augustine Frizzell
248,Sidheswar Shukla
249,Rajiv Chilaka
250,Binayak Das
251,Arpan Sarkar
252,Ainsley Gardiner
253,Mahmoud Karim
254,Kyohei Ishiguro
255,Seyi Babatope
256,Johane Matte
257,Morgan Ingari
258,Abdulaziz Alshlahei
259,Edward Drake
260,Kathryn Fasegha
261,Sita Likitvanichkul
262,Leigh Janiak
263,Luis Estrada
264,Garrett Bradley
265,Sofia Coppola
266,Colin Trevorrow
267,Bill Condon
268,David Slade
269,Chris Weitz
270,Catherine Hardwicke
271,Hadrah Daeng Ratu
272,Tommy Chong
273,Fred Ouro Preto
274,Mayye Zayed
275,Alessandra de Rossi
276,Ash Brannon
277,Alaa Eddine Aljem
278,Tom Donahue
279,Roberto De Feo
280,Navot Papushado
281,Manuel Alcalá
282,Ricardo Trogi
283,Semi Chellas
284,Akay Mason
285,Viridiana Lieberman
286,Nima Nourizadeh
287,Daniel Růžička
288,Juraj Šajmovič
289,Femi D. Ogunsanwo
290,Douglas Attal
291,Kim Joo-hyung
292,Avi Federgreen
293,Jericca Cleland
294,Ahmed Siddiqui
295,Hallie Meyers-Shyer
296,Scott Speer
297,Barry Levinson
298,Tolulope Itegboje
299,Camille Delamarre
300,Pascal Atuma
301,Oleg Trofim
302,Mahmood Ali-Balogun
303,Jan Holoubek
304,Anurin Nwunembom
305,Christine Luby
306,Udoka Oyeka
307,Yeo Siew Hua
308,Hardik Mehta
309,Rajveer Singh Maan
310,Youssef Chahine
311,Saw Teong Hin
312,Rano Karno
313,Pramod Pawar
314,Naresh Saigal
315,Vinil Mathew
316,Neri Parenti
317,Ramsey Nouah
318,Bong Joon Ho
319,Kim Tae-hyung
320,Michael Spierig
321,Ernie Barbarash
322,Matt Ogens
323,Jay Roach
324,McG
325,Frank Marshall
326,Victor Vu
327,Chow Hin Yeung Roy
328,Joel Hopkins
329,John Stevenson
330,Jennifer Yuh Nelson
331,Greg Berlanti
332,Garth Davis
333,Malik Nejer
334,Rob Marshall
335,Martin Brest
336,Shuko Murase
337,Paul W.S. Anderson
338,Ivan Reitman
339,Joel Gallen
340,Claire McCarthy
341,Mary Lambert
342,Sidharta Tata
343,Trevor Nunn
344,Gabriele Muccino
345,Jim Field Smith
346,Chris Koch
347,J.J. Abrams
348,Rob Minkoff
349,Lynn Shelton
350,Adam McKay
351,Anton Corbijn
352,Robin Bissell
353,David Fincher
354,John G. Avildsen
355,Alan Parker
356,Walter Hill
357,Stephen Frears
358,Bryan Bertino
359,Phil Alden Robinson
360,Florian Henckel von Donnersmarck
361,Len Wiseman
362,Måns Mårlind
363,Patrick Tatopoulos
364,Robert O. Peters
365,Vincent Ward
366,Gregory Nava
367,Mary Harron
368,Matt Thompson
369,Jameel Buari
370,Shen Leping
371,Matt Aselton
372,Jose Javier Reyes
373,Jakub Piątek
374,John Dower
375,B. T Thomas
376,Andrew Dominik
377,Nibal Arakji
378,Sofie Šustková
379,Anissa Bonnefont
380,Bahij Hojeij
381,Jonathan Hensleigh
382,Srijit Mukherji
383,Justin P. Lange
384,Kimmy Gatewood
385,Tània Balló
386,Manolo Caro
387,Jayme Monjardim
388,Kingsley Ogoro
389,Cristina Jacob
390,Fernando Moro
391,Ivan Andrew Payawal
392,Yoshiyuki Tomino
393,Rob Seidenglanz
394,Simon Frederick
395,Michihito Fujii
396,Paul Weitz
397,Karthik Subbaraj
398,Lucky Kuswandi
399,Soudade Kaadan
400,Antoinette Jadaone
401,Marie Clements
402,David O. Russell
403,Achille Brice
404,Max Jabs
405,Sarawut Wichiensarn
406,Ricardo de Montreuil
407,Peter Chelsom
408,Michael Lockshin
409,Francine Parker
410,Daniel Schechter
411,Mike Gunther
412,David Zeiger
413,Michael Simon
414,Jerry Rothwell
415,Joe Berlinger
416,Ian Cheney
417,Bradley Parker
418,Prabhakaran
419,Manjari Makijany
420,Jay Oliva
421,Chris Appelhans
422,Michael Tiddes
423,Lara Saba
424,Bao Nhan
425,Mark Raso
426,Tariq Alkazim
427,Yulene Olaizola
428,Matthew Heineman
429,Robert Peters
430,Jonathan Clay
431,Ally Pankiw
432,George Ford
433,Lee Kae-byeok
434,Jayan Moodley
435,Daniel Benmayor
436,Alex Díaz
437,Helena Bergström
438,Alejandro De Grazia
439,Myriam Fares
440,Chiaki Kon
441,Rae Red
442,Lance Hool
443,Nicole Conn
444,Les Mayfield
445,Ellen Seidler
446,Roger Christian
447,Peter Galison
448,Lance Young
449,Leandro Neri
450,Thom Fitzgerald
451,Don Michael Paul
452,Andrzej Bartkowiak
453,Harold Becker
454,Andrew Jenks
455,Ric Roman Waugh
456,Rob Reiner
457,Andy Tennant
458,Tade Ogidan
459,Scott Spiegel
460,Jessie Nelson
461,Theodore Witcher
462,Aurora Guerrero
463,Michael Jai White
464,James McTeigue
465,Takuya Igarashi
466,Michelle MacLaren
467,Hidenori Inoue
468,Todd Phillips
469,Steve Ball
470,Dominic Sena
471,Alan Alda
472,Mika Kaurismäki
473,Sydney Pollack
474,Lorene Scafaria
475,Barbra Streisand
476,Michael Winterbottom
477,Emma Tammi
478,Peter Hutchings
479,George Ratliff
480,Bo Burnham
481,Ekene Som Mekwunye
482,David Frankel
483,Kevin Johnson
484,José Larraza
485,Gary Sing
486,Julio Quintana
487,Paween Purijitpanya
488,Pablo Faro
489,Letizia Lamartire
490,Ray Jiang
491,Daniel Vernon
492,Steve Gukas
493,Tim Johnson
494,Vishwesh Krishnamoorthy
495,Zack Snyder
496,Uduak-Obong Patrick
497,Mohamed Diab
498,Amr Salama
499,Christopher Amos
500,Robert Rodriguez
501,David Ayer
502,Eshom Nelms
503,James Moll
504,James Redford
505,Kaashvie Nair
506,J.D. Dillard
507,Nikhil Pherwani
508,Mae Czarina Cruz
509,Praveen Kandregula
510,Cecilia Verheyden
511,Daniel Minahan
512,Donovan Marsh
513,Brent Dawes
514,Leli Maki
515,Uzodinma Okpechi
516,Daniel Prochaska
517,Joe Wright
518,Matthew Vaughn
519,Aditya Kripalani
520,Adriano Rudiman
521,David Pablos
522,Alexandre Aja
523,Cai Cong
524,Samuel Olatunji
525,Ramon Térmens
526,Svetlana Cvetko
527,Martin Prakkat
528,Baran bo Odar
529,Zhang Chong
530,Yılmaz Erdoğan
531,Shantrelle P. Lewis
532,Ivan Ayr
533,Anthony Mandler
534,Vijay Roche
535,Stanley Menino D'Costa
536,Jennifer Brea
537,Julia von Heinz
538,Niels Arden Oplev
539,Don Argott
540,Joshua Zeman
541,Duncan Skiles
542,Sean McNamara
543,Vondie Curtis-Hall
544,Robert Radler
545,Roel Reiné
546,Dean Parisot
547,Paul Greengrass
548,Justin Kelly
549,Eric Darnell
550,Suhas Kadav
551,Jeff Wadlow
552,Charles Martin
553,Stella Corradi
554,Roland Emmerich
555,Kevin Macdonald
556,Ann Deborah Fishman
557,Chris Gorak
558,Peter Jackson
559,Roger Kumble
560,Jonathan Lynn
561,Courtney Hunt
562,Pierre Greco
563,Andrew Davis
564,Kevin Smith
565,Chaitanya Tamhane
566,Oriol Paulo
567,Mike Rianda
568,Johannes Roberts
569,Robert Pulcini
570,Pedro Antonio
571,John Wells
572,Jonathan Liebesman
573,Maria Pulera
574,Santhosh Viswanath
575,Seema Pahwa
576,Ozan Açıktan
577,Meltem Bozoflu
578,Hakan Algül
579,Selçuk Aydemir
580,Ömer Faruk Sorak
581,Şenol Sönmez
582,Alexis Morante
583,Burak Aksak
584,Kıvanç Baruönü
585,Rindala Kodeih
586,Kongkiat Khomsiri
587,Bedran Güzel
588,Marwan Nabil
589,MIKIKO
590,Takashi Shimizu
591,Joe Penna
592,Ahishor Solomon
593,Curtis Graham
594,Gerardo Gatica
595,Akshay Sanjeev Chavan
596,John Madden
597,Edward James Olmos
598,Abhinay Deo
599,Kiran Rao
600,Abbas Tyrewala
601,Ashutosh Gowariker
602,Satyajit Bhatkal
603,Anusha Rizvi
604,Aamir Khan
605,Shashank Khaitan
606,Ryan Crego
607,Cassi Simonds
608,Guillermo del Toro
609,Tony Abulu
610,Stefan Westerwelle
611,Ron Howard
612,Justin Benson
613,Niki Caro
614,Mark Dennis
615,Taranveer Singh
616,TT The Artist
617,Keiichi Sato
618,Glenn Weiss
619,Michael Civille
620,Ryuichi Hiroki
621,One9
622,Luis Valdez
623,Cheng Wei-hao
624,Pass Patthanakumjon
625,Buchi Babu Sana
626,Fredrick Munk
627,Moyoung Jin
628,Zhao Ji
629,Jamie Babbit
630,Park Hoon-jung
631,Dare Olaitan
632,Ben Falcone
633,Travon Free
634,Angga Dwimas Sasongko
635,Steve Rolston
636,Shalini Kantayya
637,Madonne Ashwin
638,Enah Johnscott
639,Braden R. Duemmler
640,Cal Brunker
641,Steve Pink
642,Xiao Feng
643,Ricky Staub
644,Patrick Durham
645,BB Sasore
646,Naseef Yusuf Izuddin
647,Appie Boudellah
648,Sylvie Verheyde
649,Nick Moore
650,Alex Zamm
651,Rajkumar Hirani
652,Rajesh Mapuskar
653,Lina Al Abed
654,James Wan
655,David Hackl
656,Takeshi Nozue
657,Subhash Kapoor
658,Ringo Lam
659,George Cukor
660,Tony Giglio
661,Shinji Aramaki
662,John Luessenhop
663,Hanung Bramantyo
664,Bashir El Deek
665,Roman Polański
666,Nelson McCormick
667,Mic Rodgers
668,Shawn Rech
669,Peyton Reed
670,Julian Schnabel
671,Adrián García Bogliano
672,Jose Gomez
673,Jonathon Link
674,Blair Simmons
675,Justin Chadwick
676,John Hillcoat
677,Nadine Ibrahim
678,Roman White
679,Fermín Muguruza
680,Mike Hodges
681,Eylem Kaftan
682,Fernando Ayllón
683,Umesh Bist
684,Massimiliano Camaiti
685,Aleksey Tsitsilin
686,Ali Tabrizi
687,Kagiso Lediga
688,Jung-ah Im
689,Takuma Sato
690,Brody Chu
691,Dimitri Logothetis
692,Taketoshi Sado
693,Li Weiran
694,Chinaza Onuzo
695,Anna Elizabeth James
696,Vitor Brandt
697,Troy Miller
698,Liam O'Donnell
699,Manny Rodriguez
700,Farah Nabulsi
701,Walter Taylaur
702,Chris Smith
703,Alain Brunard
704,Tate Taylor
705,Ladislaus Kiraly
706,Oliver Stone
707,Hemambar Jasti
708,Taylor Morden
709,Helena Coan
710,Muharrem Gülmez
711,Dolapo Adeleke
712,Mahsun Kırmızıgül
713,Can Ulkay
714,Luis Alejandro Pérez
715,Ketche
716,Erol Özlevi
717,Miguel Arteta
718,Tolga Örnek
719,Pablo Agüero
720,Mohammad Irfan Ramly
721,Kevin McManus
722,Ange Basterga
723,Gitanjali Rao
724,Halitha Shameem
725,Carlos Moreno
726,Maribel Sánchez-Maroto
727,Fajar Bustomi
728,Taylor Hackford
729,Amy Poehler
730,Jared Hess
731,Mike Binder
732,Abir Sengupta
733,Sunny Lau
734,Emmett Malloy
735,Xavier Maingon
736,Milton Kremer
737,Kevin Costner
738,Marco Petry
739,Andrew Duncan
740,Liam Lynch
741,Jérémie Degruson
742,Matt Ross
743,Dani de la Orden
744,Pablo Larraín
745,John Erick Dowdle
746,Jesse Peretz
747,Ribhu Dasgupta
748,Rizki Balki
749,Shunsuke Kariyama
750,Jeferson De
751,Barry Avrich
752,David Tryhorn
753,Tirumala Kishore
754,Huang Hsin-Yao
755,Saron Sakina
756,J Blakeson
757,Khalid Rahman
758,Luis Ara
759,Tharun Bhascker Dhaassyam
760,Prateek Vats
761,Alex Merkin
762,Vikram Bhatt
763,Dallas Jenkins
764,Damián Romay
765,Hamisha Daryani Ahuja
766,Hong Khaou
767,Mario Briongos
768,Vinay Bharadwaj
769,Michael Fimognari
770,Eric D. Cabello Díaz
771,Clara Martínez-Lázaro
772,Monty Tiwa
773,Ava DuVernay
774,Alain Darborg
775,Filip Zylber
776,Julien Royal
777,Brian Baugh
778,Henri Wong
779,Maïa Sandoz
780,Mostofa Sarwar Farooki
781,Joseph Hsu
782,Sam Levinson
783,Jo Sung-hee
784,Michèle Ohayon
785,Rocco Ricciardulli
786,Guo Jingming
787,Jan Belcl
788,Esteban Crespo
789,Noé González
790,Sarah Gavron
791,Martin Scorsese
792,Richard Arellano
793,Jon Favreau
794,Marco Pontecorvo
795,Gregory Plotkin
796,Lluís Quílez
797,Jude Weng
798,Simon Stone
799,Noviandra Santosa
800,Jeremy Grant
801,Jeo Baby
802,Glendyn Ivin
803,Okey Oku
804,Ifeanyi Ikpoenyi
805,Chris Eneng Enaji
806,Ángeles Reiné
807,Paul Haggis
808,Ramin Bahrani
809,Nicol Paone
810,Nick Rowland
811,RZA
812,Cooper Karl
813,Gary Fleder
814,J.A. Bayona
815,Darren Lynn Bousman
816,Lydia Dean Pilcher
817,Cris D'Amato
818,Mikael Håfström
819,Byeon Hee-sun
820,Peter Facinelli
821,Renuka Shahane
822,Ross Kauffman
823,Sung Do-jun
824,Charles Gozali
825,James Toback
826,Tiller Russell
827,Francisco D'Eufemia
828,Chris Rock
829,Juliet May
830,Stanley Nelson
831,Olivier Nakache
832,Prakash Jha
833,Rohan Sippy
834,Ross Venokur
835,Rohena Gera
836,Maite Ruiz De Austri
837,Jastis Arimba
838,Eric Summer
839,Kornél Mundruczó
840,Alejandro Ruax
841,Florent Bodin
842,Sohail Khan
843,Hallvard Bræin
844,Jeff Tremaine
845,Christian Alvart
846,Robert Townsend
847,Jeff Deverett
848,Ron Krauss
849,Brian Robbins
850,Jeff Stilson
851,Sean Penn
852,Mark McQueen
853,Melanie Mayron
854,Donald Petrie
855,Tony Collingwood
856,Jennifer Beamish
857,Jaume Collet-Serra
858,Kim Dong-kyu
859,Shaz Bennett
860,Samar Shaikh
861,Archie Hekagery
862,Sabrina Rochelle Kalangie
863,Cosima Spender
864,Liao Shih-han
865,Arnon Manor
866,Gore Verbinski
867,Al Campbell
868,Maïwenn
869,Richard Weston
870,Vikramaditya Motwane
871,Prime Cruz
872,Andibachtiar Yusuf
873,Yandy Laurens
874,Cathy Garcia-Molina
875,John Mitchell
876,George Clooney
877,Liu Kuang-hui
878,Kristian Mercado
879,Daan Jansen
880,Jay Grace
881,Paul Dugdale
882,James Haslam
883,Muhammad Ali
884,Thomas Toby Parkinson
885,John Putch
886,Sam Macaroni
887,George C. Wolfe
888,Yasmin Ahmad
889,Sudha Kongara
890,Juan Camilo Pinzon
891,Lin Oeding
892,Naya Anindita
893,Alexx Media
894,Farishad I. Latjuba
895,Andrucha Waddington
896,Picky Talarico
897,Jun Lana
898,Brad Peyton
899,Lee Daniels
900,Tom Ford
901,Ellena Wood
902,Vir Das
903,Miranda de Pencier
904,Farhad Safinia
905,Shaun Paul Piccinino
906,Eddie Rosas
907,Frank E. Abney III
908,James D. Stern
909,Ryan Murphy
910,Girish Malik
911,Deepa Mehta
912,Lai Chun-yu
913,Theodore Boborol
914,Sydney Sibilia
915,Josiah Ng
916,Kirk Wise
917,Beth Sleven
918,Jalil Lespert
919,Su I-Hsuan
920,Clint Butler
921,Erik Kling
922,Detlev Buck
923,Amanda Raymond
924,Jason Paul Laxamana
925,Marc Fouchard
926,Darragh O'Connell
927,Roberto Santucci
928,Dado C. Lumibao
929,August Jakobsson
930,Anna Wieczur-Bluszcz
931,Damien O’Connor
932,Richard Laxton
933,Gil Kenan
934,Phil Burgers
935,Pierre Morel
936,Brian Henson
937,Derick Cabrido
938,Marla M. Ancheta
939,Jen McGowan
940,Bernie Denk
941,Brian Skiba
942,Stanley Moore
943,Oliver Bokelberg
944,Ángel Gómez Hernández
945,Ludovico Di Martino
946,Lee Chung-hyun
947,Barry Gonzalez
948,Brian Volk-Weiss
949,Matthew Michael Carnahan
950,Eric Bress
951,Chris Columbus
952,V Vignarajan
953,Greg Rankin
954,Carlos Sorín
955,Matt Eskandari
956,Grant Singer
957,Mohammad Adel
958,Debbie Allen
959,Victor Gatonye
960,Stephen Chiodo
961,Will McCormack
962,Monica Floyd
963,Anurag Kashyap
964,Siddique
965,Danish Aslam
966,Vibhu Virender Puri
967,Mike Rohl
968,Shyam Benegal
969,Takeshi Fukunaga
970,Leslie Small
971,Jeff Nichols
972,Sabaah Folayan
973,Justin G. Dyck
974,Cody Cameron
975,Michael Curtiz
976,Avinash Walzade
977,David E. Talbert
978,Renata Terra
979,Edoardo Ponti
980,Mateo Gil
981,Paul Soriano
982,Ryan Coogler
983,Anurag Basu
984,Lucas Santa Ana
985,Carla Barros
986,Ulrike Kofler
987,Steven Bognar
988,Kunle Afolayan
989,Weica Wang
990,Aitor Arregi
991,Kevin Pollak
992,Otoja Abit
993,Alejandro Hartmann
994,Maxwell McGuire
995,Ruel S. Bayani
996,Martin Wood
997,Narendra Nath
998,Jan-Peter Horns
999,Tatsushi Omori
1000,Estela Renner
1001,Zeek Earl
1002,Michael Kampa
1003,Chanda Bell
1004,Jennifer Westcott
1005,Richard Greenberg
1006,Peter Berg
1007,Nicolas Pesce
1008,Christopher Cain
1009,Juliana Vicente
1010,Harald Zwart
1011,Stacia Crawford
1012,Remi Weekes
1013,Tope Oshin
1014,Terrie Samundra
1015,Olivier Marchal
1016,Santiago Alvarado Ilarri
1017,Frasco Mortiz
1018,John Whitesell
1019,Antonio Díaz
1020,Nimród Antal
1021,Bartosz M. Kowalski
1022,James Tovell
1023,Matías Gueilburt
1024,Natasha Lyonne
1025,Chang Chin-jung
1026,Rajkumar Santoshi
1027,Lance Daly
1028,Unjoo Moon
1029,Gil Baroni
1030,Thierry Demaizière
1031,Glen Keane
1032,Chris Sivertson
1033,Kief Davidson
1034,Jarand Herdal
1035,Dan Villegas
1036,Chris Foggin
1037,Kim Nguyen
1038,Karen Maine
1039,Tim Neeves
1040,Ben Wheatley
1041,Maroun Baghdadi
1042,Philippe Aractingi
1043,Amin Dora
1044,Rana Eid
1045,Daniel Joseph
1046,Randa Chahal Sabbag
1047,Ziad Doueiri
1048,Shady Hanna
1049,Josef Fares
1050,Sam Fell
1051,Ross Boyask
1052,David 'Tosh' Gitonga
1053,Ti West
1054,Aaron Sorkin
1055,Levan Gabriadze
1056,Rachel Talalay
1057,Sam Liu
1058,Peter Mimi
1059,Lasja Fauzia Susatyo
1060,Pavitra Chalam
1061,Kevin Ko
1062,Caroline Suh
1063,Carlos Pérez Osorio
1064,Ken Ghosh
1065,Indra Kumar
1066,B. Subhash
1067,Harshavardhan Kulkarni
1068,Neeraj Vora
1069,Puneet Khanna
1070,Radha Blank
1071,Bigflo & Oli
1072,Eduardo Pinto
1073,Pavel Kostomarov
1074,Mike Elliott
1075,Francis Whately
1076,Jon Izen
1077,Christopher Nolen
1078,Alastair Fothergill
1079,Amy Segal
1080,Umut Aral
1081,Umut Kirca
1082,Sudhir Mishra
1083,Domenico de Feudis
1084,Oz Rodriguez
1085,Salvador Espinosa
1086,Adrian Teh
1087,Brad Silberling
1088,Elsa Flores Almaraz
1089,Carey McKenzie
1090,Adam Bolt
1091,Taika Waititi
1092,Lindsey Cordero
1093,David LaChapelle
1094,Mostafa Abu Seif
1095,Faris Godus
1096,Rod Lurie
1097,Stacie Passon
1098,Jenny Popplewell
1099,Florian Schott
1100,Tom Whitworth
1101,Joe Mantello
1102,Lee Hirsch
1103,Page Hurwitz
1104,Dallas Jackson
1105,Rajat Kapoor
1106,Abhishek Chaubey
1107,Imtiaz Ali
1108,Navdeep Singh
1109,Anees Bazmee
1110,Rikhil Bahadur
1111,Shawn Levy
1112,Harry Bradbeer
1113,Joshua Tickell
1114,Sophia Nahli Allison
1115,Norihisa Hiranuma
1116,Shigeaki Kubo
1117,Yudai Yamaguchi
1118,Marwan Hamed
1119,Smeep Kang
1120,Raja Chanda
1121,Tigmanshu Dhulia
1122,Akashdeep
1123,Rajesh Ganguly
1124,Alankrita Shrivastava
1125,Chandra Liow
1126,Sekhar Kammula
1127,Gary Andrews
1128,Merawi Gerima
1129,Kubhaer T. Jethwani
1130,Antonio Campos
1131,Carles Torras
1132,James Watkins
1133,Philippa Lowthorpe
1134,Pailin Wedel
1135,Chris Howe
1136,Peter Sollett
1137,Steve Bencich
1138,Tosin Coker
1139,Javier Colinas
1140,Dean DeBlois
1141,Reinhard Klooss
1142,Shaun Mir
1143,Satish Rajwade
1144,Abhijeet Deshpande
1145,Mahesh Manjrekar
1146,Prakash Kunte
1147,Manish Saini
1148,Kenny Ortega
1149,Makarand Mane
1150,Vijay Maurya
1151,Sameer Patil
1152,Kenzo Maihara
1153,Ahmed Nader Galal
1154,Arati Kadav
1155,Maïmouna Doucouré
1156,Pepe Mora
1157,Marcos Carnevale
1158,Jeff Orlowski
1159,Cho Il
1160,Pippa Ehrlich
1161,Tolga Karaçelik
1162,Davis Guggenheim
1163,Philip Barantini
1164,Charlie Kaufman
1165,Abba T. Makama
1166,Junior Carelli
1167,Ertanto Robby Soediskam
1168,Mark Steven Johnson
1169,Felix Binder
1170,Thor Freudenthal
1171,Nguyen Thanh Tung
1172,Baltasar Kormákur
1173,Conrad Helten
1174,Ayumu Watanabe
1175,Hitoshi Namba
1176,Chris Miller
1177,Sean Anders
1178,Abbas Mustan
1179,Duncan McMath
1180,Dan Forgione
1181,Francesco Carnesecchi
1182,Greg Tiernan
1183,Mark Thornton
1184,Shamzu Zayba
1185,Jesse V. Johnson
1186,Brett Haley
1187,Chris Roland
1188,David Galán Galindo
1189,David Moreton
1190,Lester Hsi
1191,Cyrus Nowrasteh
1192,Isabel Sandoval
1193,Nathan Wiley
1194,Wayne Blair
1195,Atul Sabharwal
1196,Bernardo Arellano
1197,Trish Sie
1198,Hong Won-ki
1199,Khaled Marei
1200,Fred Wolf
1201,Niyi Akinmolayan
1202,Sammaria Sari Simanjuntak
1203,Chairun Nissa
1204,Tom Hooper
1205,Sergei Bodrov
1206,Anna Stone
1207,Cory Edwards
1208,Faraday Okoro
1209,Henry Joost
1210,Rebecca Zlotowski
1211,Sharan Sharma
1212,Tyler Spindel
1213,Vicky Wight
1214,Marc Meyers
1215,Franziska Meyer Price
1216,Steven Rinella
1217,Laura Terruso
1218,Martín Sastre
1219,Franck Nataf
1220,Pascal Amanfo
1221,Savage Steve Holland
1222,Mike Doyle
1223,Darren Grant
1224,Joseph Ruben
1225,Mfanelo Ngoma
1226,Colin Minihan
1227,Regina Welker
1228,Honey Trehan
1229,Katleho Ramaphakela
1230,Ariel Boles
1231,Álvaro Delgado-Aparicio L.
1232,Venkatesh Maha
1233,Nopparoj Chotmunkongsit
1234,Aniedi Anwah
1235,Mickey Fonseca
1236,Matias Mariani
1237,Jan Komasa
1238,Sue Kim
1239,Paul Solet
1240,Ben Kasulke
1241,Gagan Puri
1242,Teddy Chan
1243,Bhavin Wadia
1244,Tony Bancroft
1245,Tope Alake
1246,Fernando González Molina
1247,Yuki Tanada
1248,Alex Gibney
1249,Ahn Byoung-wook
1250,Sibusiso Khuzwayo
1251,Lisa Cortés
1252,Wilson Yip
1253,Dave Skinner
1254,Denis Do
1255,Leslye Davis
1256,Toka McBaror
1257,Peter Sullivan
1258,Axelle Laffont
1259,Daniel Oriahi
1260,Stefano Mordini
1261,Hayden Guppy
1262,Stéphane de Freitas
1263,André Odendaal
1264,Cassia Dian
1265,Amro Salah
1266,Sue Ding
1267,Gina Prince-Bythewood
1268,Wouter Bouvijn
1269,Funke Akindele
1270,Bryn Evans
1271,Cristina Costantini
1272,Hannah Fidell
1273,Chris Renaud
1274,Scott Zabielski
1275,Coodie
1276,QLF
1277,Sachin Kundalkar
1278,Puri Jagannadh
1279,Vishal Mahadkar
1280,Anthony D'Souza
1281,Soumendra Padhi
1282,Fuwad Khan
1283,Nishikant Kamat
1284,Krish
1285,Kabir Sadanand
1286,Rachit Kusonkoonsiri
1287,Shoojit Sircar
1288,Omung Kumar
1289,Umesh Shukla
1290,Devika Bhagat
1291,Takashi Doscher
1292,Shubham Singh
1293,Abbas Alibhai Burmawalla
1294,Luv Ranjan
1295,Vikas Bahl
1296,Neeraj Pandey
1297,Aanand Rai
1298,Gurmmeet Singh
1299,LP
1300,Rako Prijanto
1301,Raoul Peck
1302,Shirley Frimpong-Manso
1303,Fabio Ock
1304,Sabina Fedeli
1305,Kyran Kelly
1306,Salvador Calvo
1307,Cem Yılmaz
1308,Bruce Beresford
1309,Michael Duggan
1310,Almudena Carracedo
1311,Paul Verhoeven
1312,Younuts!
1313,Obi Emelonye
1314,Daniel Effiong
1315,Abhijit Panse
1316,Rachel Griffiths
1317,David Dobkin
1318,Oluseyi Asurf
1319,Eduardo Roy Jr.
1320,Ravikanth Perepu
1321,Sooraj R. Barjatya
1322,Bonni Cohen
1323,Anvita Dutt
1324,Gaspar Antillo
1325,Eric Notarnicola
1326,Musthafa
1327,Ishaya Bako
1328,Kate Mulleavy
1329,Akhigbe Ilozobhie
1330,Apurva Dhar Badgaiyann
1331,Elissa Down
1332,Guillaume Pierret
1333,Olivier Assayas
1334,Junichi Sato
1335,Pablo Aulita
1336,Manatsanun Phanlerdwongsakul
1337,Georges Hachem
1338,Peter Lepeniotis
1339,Jim Hosking
1340,Paco Aguilar
1341,Greg McLean
1342,Juan José Campanella
1343,A. Raajdheep
1344,Nicholas Kharkongor
1345,Michael McKay
1346,Kitaro Kosaka
1347,Ali F. Mostafa
1348,Ayman Makram
1349,George Gallo
1350,Ry Russo-Young
1351,Barbara Białowąs
1352,Akhil Paul
1353,Kanika Batra
1354,Michael Cristofer
1355,Mohamed Khan
1356,Adriana Trigiani
1357,Phil Sgriccia
1358,Andaç Haznedaroğlu
1359,Murat Kepez
1360,Greta Gerwig
1361,Sam Rega
1362,Wael Ehsan
1363,Inas El-Degheidy
1364,Ahmed Al-Badry
1365,Sameh Abdulaziz
1366,Wael Ihsan
1367,Izidore K. Musallam
1368,Sherif Arafa
1369,Yasir Al Yasiri
1370,Safdar Rahman
1371,Tomas Brickhill
1372,Hani Al-Shaibani
1373,Mamoru Hosoda
1374,James Franco
1375,Niall Johnson
1376,Michael Damian
1377,Ahmed Zain
1378,Angshuman Ghosh
1379,Ahmed Zein
1380,Alejandro Montiel
1381,Fernando Frías de la Parra
1382,Madeleine Parry
1383,Yu Yang
1384,Jesse Warn
1385,Josh Safdie
1386,Hiromasa Yonebayashi
1387,Michael Showalter
1388,Norm Hiscock
1389,Almunsif Alsuwaisi
1390,Fouad Al Shatti
1391,Fouad El-Mohandes
1392,Andrés Feddersen
1393,Samir Al Asfory
1394,Hussein Kamal
1395,Hassan AbdulSalam
1396,Houssam El-Din Mustafa
1397,Muhammad Fadl
1398,Lonzo Nzekwe
1399,Alex Timbers
1400,Rebecca Johnson
1401,Carlos Morett
1402,Megha Ramaswamy
1403,Saeed Hamed
1404,Ali Ragab
1405,Ahmad El-Badri
1406,Marcus Raboy
1407,Haifaa Al-Mansour
1408,Mohammed Alhmly
1409,Lucien Bourjeily
1410,Laura Mañá
1411,Sivaroj Kongsakul
1412,Salmeen AlMurry Amer
1413,Mohit Suri
1414,Obaid Alhmoudi
1415,Adekunle Nodash Adejuyigbe
1416,Sadeq Behbehani
1417,Dylan Mohan Gray
1418,Hussein El Ansary
1419,Claire Scanlon
1420,Vipul Amrutlal Shah
1421,Donick Cary
1422,Will Forbes
1423,Francesco Amato
1424,Damien Chazelle
1425,S.A. Zaidi
1426,Hamad AlSarraf
1427,He Xiaofeng
1428,Nadia Hallgren
1429,Pedro Flores Maldonado
1430,Joe DeMaio
1431,Aaron Woodley
1432,Lucas Margutti
1433,Ashok Nanda
1434,Hernán Guerschuny
1435,Alex Ranarivelo
1436,Seth Barrish
1437,Brett Hedlund
1438,Joe Robert Cole
1439,Michelle Esrick
1440,Olivier Abbou
1441,Jeffrey Schwarz
1442,Craig Freimond
1443,Shirish Kunder
1444,Mysskin
1445,Alice Wu
1446,Joey So
1447,Dennie Gordon
1448,Michael M. Scott
1449,Sion Sono
1450,David Chuang
1451,Chris Bolan
1452,Omoni Oboli
1453,Saravana Rajan
1454,Sermiyan Midyat
1455,Ahmed Yousry
1456,Handan İpekçi
1457,Ferzan Özpetek
1458,Ashraf Fayeq
1459,Paul Munger
1460,Matei Dima
1461,Jonathan Augustin
1462,Venky Kudumula
1463,Amr Arafa
1464,Michel Hazanavicius
1465,Ahmed Saleh
1466,Ahmed Medhat
1467,Mohamed Yassin
1468,Chakri Toleti
1469,Neville Shah
1470,Upi Avianto
1471,Yoon Sung-hyun
1472,Rachel Mason
1473,Patryk Vega
1474,Marc Vigil
1475,Kris Pearn
1476,Ryan Polito
1477,Anoop Sathyan
1478,Müfit Can Saçıntı
1479,Cüneyt Kaya
1480,Greg Barker
1481,Leticia Jorge Romero
1482,Adrien Lagier
1483,Ethan Coen
1484,Jon M. Chu
1485,Diego Pignataro
1486,Ian Edelman
1487,Ali Yorgancıoğlu
1488,Digo Ricio
1489,Emcy Joseph
1490,Kranthi Madhav
1491,Matt D'Elia
1492,Jeff Chan
1493,Dean Craig
1494,Grand Corps Malade
1495,Jay Karas
1496,Stefano Lodovichi
1497,Alan Yang
1498,Perci Intalan
1499,M. Night Shyamalan
1500,Chris Robinson
1501,Eddie Mensore
1502,Sean Baker
1503,Padraig Reynolds
1504,Yorgos Lanthimos
1505,Michael Dowse
1506,Pablo Lejarreta
1507,Armando Iannucci
1508,Akira Saitoh
1509,Haruka Fujita
1510,Mukul Anand
1511,Karan Malhotra
1512,David Batra
1513,Tarun Mansukhani
1514,Ramesh Talwar
1515,Mahesh Bhatt
1516,Raj Khosla
1517,Punit Malhotra
1518,Soham Shah
1519,Karan Johar
1520,Nikkhil Advani
1521,Shakun Batra
1522,Prakash Mehra
1523,Anand Ravichandran
1524,Richard Claus
1525,Floria Sigismondi
1526,Renzil D'Silva
1527,Fritz Böhm
1528,Ravishankar Venkateswaran
1529,Vijay S. Bhanushali
1530,David Hunt
1531,Stephen S. Campanelli
1532,Rakesh Ranjan Kumar
1533,Sam Irvin
1534,Gary Stretch
1535,Desingh Periyasamy
1536,TJ Sullivan
1537,Neeraj Udhwani
1538,Patrice Laliberté
1539,Ellen Page
1540,Todd Kauffman
1541,Prentice Penny
1542,Zsolt Pálfi
1543,Nawapol Thamrongrattanarit
1544,Marlene Melchior
1545,Aaron Lieber
1546,Tamas Yvan Topolanszky
1547,Àlex Pastor
1548,Rami Hachache
1549,Francisco Macri
1550,Gabriela García Rivas
1551,Eric Goode
1552,Francesco Lettieri
1553,John Suits
1554,Takeru Nakajima
1555,Susan Walter
1556,Masaaki Yuasa
1557,Pierre Deschamps
1558,Jeff Tomsic
1559,Scot Armstrong
1560,Naman Nitin Mukesh
1561,Lynn Novick
1562,Navjot Gulati
1563,Stephanie Zwane
1564,Owen Trevor
1565,Stephanie Turner
1566,Liz Garbus
1567,Mehmet Ada Öztekin
1568,Jos Humphrey
1569,Sharmeen Obaid-Chinoy
1570,Toyin Abraham
1571,Ruchi Narain
1572,Christophe Charrier
1573,Daniel Calparsoro
1574,Trivikram Srinivas
1575,Kittiphak Thonguam
1576,Cristi Puiu
1577,Sebastian Jones
1578,Carlos Sedes
1579,Adam B. Stein
1580,Athiyan Athirai
1581,Zuko Nodada
1582,Madonna
1583,Milton Horowitz
1584,Sneha Taurani
1585,Momoko Kamiya
1586,Matthew Ross
1587,Lee Kirk
1588,Ziggy Hofmeyr
1589,Gustavo Ron
1590,Yacine Belhousse
1591,Sam Dunn
1592,Kunihiko Yuyama
1593,Ali Kalthami
1594,Tolu Awobiyi
1595,Oyefunke Fayoyin
1596,Jason Orley
1597,Robert Eagar
1598,Travis Stevens
1599,Mick Grogan
1600,Nora Fingscheidt
1601,Jeethu Joseph
1602,Dee Rees
1603,Sooni Taraporevala
1604,Linda Korsten
1605,Tom Barton-Humphreys
1606,Angelina Jolie
1607,R.J. Daniel Hanna
1608,Paco Cabezas
1609,Peter Billingsley
1610,Jason Zada
1611,Avgousta Zourelidi
1612,Richard Phelan
1613,Rod Cabatana Marmol
1614,Michał Tylka
1615,Oliver Kienle
1616,Brian Webber
1617,Takashi Yamazaki
1618,Pantham Thongsang
1619,Paul Krüger
1620,Benny Safdie
1621,Andres Clariond
1622,Andrew Dean
1623,Lars Klevberg
1624,Lukasz Kosmicki
1625,Shanavas K. Bavakutty
1626,Kwabena Gyansah
1627,Jeff Baena
1628,Kumaran
1629,Jared Moshé
1630,Austin Peck
1631,James Bamford
1632,Julia Willoughby Nason
1633,Nate Adams
1634,Ivan Silvestrini
1635,Robert Krantz
1636,Gregory Jacobs
1637,Alfonso Cortés-Cavanillas
1638,Xavier Manrique
1639,Richard Gabai
1640,Alfons Adetuyi
1641,Thomas Astruc
1642,Erwin van den Eshof
1643,G.J. Echternkamp
1644,Hikari
1645,Jean-Claude Flamand-Barny
1646,Lana Wilson
1647,Shannon Hartman
1648,David Oelhoffen
1649,Ramesh Sippy
1650,Josh Z. Weinstein
1651,Chung Mong-hong
1652,Johnny Breedt
1653,César Rodrigues
1654,Quek Shio-chuan
1655,Pablo Stoll
1656,Krysia Plonka
1657,Madhumita
1658,Debamitra Biswal
1659,David Lynch
1660,Tyler Perry
1661,Caryn Waechter
1662,Tim Hill
1663,Numa Perrier
1664,Brian Helgeland
1665,Yoshiyuki Momose
1666,Danny Boyle
1667,Rima Das
1668,Paco Plaza
1669,Andrew Goth
1670,William Kaufman
1671,David Benioff
1672,Steve Boettcher
1673,Mikhil Musale
1674,Tom Green
1675,David Lowery
1676,Maria Ripoll
1677,Yibrán Asuad
1678,Edwin
1679,Vadim Jean
1680,Mark A.Z. Dippé
1681,John A. Davis
1682,Justin Webster
1683,Tetsuo Yajima
1684,John Lyde
1685,Steve Rash
1686,Ravi Babu
1687,Soumitra Ranade
1688,Jon Rosenbaum
1689,Bruce Leddy
1690,Yuki Yamato
1691,Andrew Wessels
1692,Emir Kusturica
1693,Odunlade Adekola
1694,Elisa Fuksas
1695,Lee Toland Krieger
1696,Akiyuki Shinbo
1697,Ron Oliver
1698,Shojiro Nishimi
1699,Pepe Bojórquez
1700,Rhys Thomas
1701,David M. Rosenthal
1702,Louise Alston
1703,Sunkanmi Adebayo
1704,Falz
1705,Frank Rajah Arase
1706,Fernando Meirelles
1707,Rodrigo Reyes
1708,Mark Lewis
1709,Sebastian DiNatale
1710,Nuhash Humayun
1711,Karan Anshuman
1712,Farhan Akhtar
1713,Zoya Akhtar
1714,Mrighdeep Singh Lamba
1715,Tsutomu Mizushima
1716,Reema Kagti
1717,Jadesola Osiberu
1718,Vijay Lalwani
1719,Abhishek Kapoor
1720,Michael Bay
1721,Biodun Stephen
1722,Ding-Lin Wang
1723,Richard van't Riet
1724,Shonali Bose
1725,Lance Bangs
1726,Robbie Countryman
1727,Trey Edward Shults
1728,Sujeeth
1729,Alexandre Avancini
1730,Noah Baumbach
1731,Atsuko Ishizuka
1732,Eric Aghimien
1733,Michel Tikhomiroff
1734,Robert Kenner
1735,John Schultz
1736,Linda Mendoza
1737,Michelle Johnston
1738,Vijay Kumar Arora
1739,Matt Shakman
1740,Mikhail Red
1741,Pankaj Batra
1742,Serge Ou
1743,Navaniat Singh
1744,Gaurav Bavdankar
1745,Jagdeep Sidhu
1746,Tanawat Aiemjinda
1747,Mukesh Vohra
1748,Syrine Boulanouar
1749,Tudor Giurgiu
1750,Abhishek Sharma
1751,Mati Diop
1752,Jérémy Clapin
1753,Mandla Dube
1754,Mike Ezuruonye
1755,Cheta Chukwu
1756,Roger Russell
1757,Edward Zwick
1758,Basava Shankar Eeday
1759,Elle-Máijá Tailfeathers
1760,Sanjiv Jaiswal
1761,Marta Jaenes
1762,Julien Abraham
1763,Monika Mitchell
1764,Eva Orner
1765,KVR Mahendra
1766,Juan Carlos Rulfo
1767,Raj R
1768,Steve Paley
1769,Timo Vuorensola
1770,Robb Dipple
1771,Eli Roth
1772,Wash Westmoreland
1773,Alessandro Angulo
1774,Mauro Scandolari
1775,Arjun Jandyala
1776,Shashanka Ghosh
1777,Naoko Yamada
1778,Sergio Pablos
1779,Valli Bindana
1780,Makoto Shinkai
1781,Gautier & Leduc
1782,Christopher Storer
1783,Josh Aronson
1784,Luke Snellin
1785,Xavier Durringer
1786,Pawan Kumar
1787,Phillip Youmans
1788,Zhang Yimou
1789,Neal Brennan
1790,Azazel Jacobs
1791,Jung Ji-woo
1792,Matt D'Avella
1793,Parthiban
1794,Scott McAboy
1795,Raymie Muzquiz
1796,Joe Menendez
1797,Eric Bross
1798,Will Eisenberg
1799,Marina Seresesky
1800,Kenny Leon
1801,Harvey Lowry
1802,James Dearden
1803,Drea Cooper
1804,Michael A. Nickles
1805,Blayne Weaver
1806,David Michôd
1807,Marco Bonfanti
1808,Everardo González
1809,Rodrigo Guardiola
1810,Juani Libonatti
1811,DJ Chen
1812,Park Joon-hwa
1813,Saravana Rajendran
1814,Matt Kay
1815,Craig Brewer
1816,Billy Lyons
1817,Michael Steed
1818,Zak Hilditch
1819,Michael Steiner
1820,Andrew Slater
1821,Glen Goei
1822,Huw Cordey
1823,Yuen Woo-ping
1824,Gillian Robespierre
1825,Thomas Vinterberg
1826,Ciarán Foy
1827,Daniel Sánchez Arévalo
1828,Don Omope
1829,Ed Perkins
1830,Steven Soderbergh
1831,Udai Singh Pawar
1832,Guntur Soeharjanto
1833,Bassam Tariq
1834,Leslie Iwerks
1835,Louie Psihoyos
1836,Ahmet Katıksız
1837,Jean-François Blais
1838,Leïla Sy
1839,Vince Gilligan
1840,Bolanle Austen-Peters
1841,Dennis Rovira van Boekholt
1842,Naoto Amazutsumi
1843,Jenny Gage
1844,Kaila York
1845,Vandana Kataria
1846,Onur Bilgetay
1847,Vincenzo Natali
1848,Tugçe Soysop
1849,Jacob Joice
1850,Luis Javier Henaine
1851,Anand Kamalakar
1852,Lee Yoon-jung
1853,Roy Poortmans
1854,Vrinda Samartha
1855,Nicholaus Goossen
1856,Stig Bergqvist
1857,Igor Kovalyov
1858,Danny Cannon
1859,Mana Yasuda
1860,Gupse Özay
1861,Jim Mickle
1862,Jumpei Mizusaki
1863,Mangesh Hadawale
1864,Wong Kar Wai
1865,Otilia Portillo Padua
1866,B. V. Nandini Reddy
1867,Michael J. Bassett
1868,Rahul Ravindran
1869,Archie Borders
1870,Deepti Naval
1871,Scott Aukerman
1872,Mariano Barroso
1873,Kiko Cruz Claverol
1874,Sandeep Reddy Vanga
1875,Randall Lobb
1876,Alex Stapleton
1877,Teng Huatao
1878,Nzingha Stewart
1879,Orlando von Einsiedel
1880,Anubhav Sinha
1881,Maha Venkatesh
1882,Tharun Bhascker
1883,Farhan Alam
1884,A. L. Vijay
1885,Petra Costa
1886,Hayato Date
1887,Rémy Four
1888,Alejandro Fernández Almendras
1889,Jota Linares
1890,Wagner de Assis
1891,White Trash Tyler
1892,Stan Lathan
1893,Yeung Yat-Tak
1894,Rai Yuvraj Bains
1895,Sunil Thakur
1896,Muh Chen
1897,Saurabh Sinha
1898,Ashwin Saravanan
1899,Julia Knowles
1900,Tarsem Singh
1901,Kepa Sojo
1902,Cho Li
1903,Manu Ashokan
1904,Anita Udeep
1905,Vlad Yudin
1906,Alberto Arnaut Estrada
1907,Robert Moresco
1908,Aadish Keluskar
1909,Joe Murray
1910,Jesse Moss
1911,Shin Won-ho
1912,Sujoy Ghosh
1913,John Asher
1914,Alex Burunova
1915,Jesús Torres Torres
1916,Camille Shooshani
1917,Vijay Kumar
1918,Phanindra Narsetti
1919,Gideon Raff
1920,Jorge M. Fontana
1921,Olivier Afonso
1922,Karim Amer
1923,Jay Chapman
1924,Dante Lam
1925,Chi Keung Fung
1926,Corey Yuen
1927,To-hoi Kong
1928,Frank Ariza
1929,Jerry Seinfeld
1930,Aditya Sarpotdar
1931,Nisheeta Keni
1932,Daniel Gray Longino
1933,Gerardo Olivares
1934,Wi Ding Ho
1935,Joe Lynch
1936,Andreas Pichler
1937,Daniel Arasanz
1938,Spike Jonze
1939,Marcelo Altmark
1940,Hernán Zin
1941,Sittisiri Mongkolsiri
1942,Robbie Grewal
1943,Thiagarajan Kumararaja
1944,Kate Horne
1945,Roberto Girault Facha
1946,Svati Chakravarty Bhatkal
1947,Kevin Bray
1948,Miguel Cohan
1949,Luis Alberto Restrepo
1950,Hideaki Anno
1951,Abhijit Kokate
1952,Antonin Baudry
1953,Jon Watts
1954,Jakob Lass
1955,John Haptas
1956,Sanjay Jadhav
1957,Vinod Kapri
1958,Elías León
1959,Kyle Newacheck
1960,Mark Ritchie
1961,Rocky Soraya
1962,Federico Veiroj
1963,Isabel Coixet
1964,Grant Sputore
1965,Juan Antin
1966,Hanno Olderdissen
1967,Amar Kaushik
1968,Eva Trobisch
1969,Mathieu Auvray
1970,Limbert Fabian
1971,Datta Mohan Bhandare
1972,Sanjib Dey
1973,Daniel Yee Heng Chan
1974,Rakeysh Omprakash Mehra
1975,Han Han
1976,Jang Jae-hyun
1977,Sudabeh Mortezai
1978,Richard Shepard
1979,Mike Diva
1980,Trisha Ziff
1981,Vasan Bala
1982,Diego Enrique Osorno
1983,Pedring A. Lopez
1984,Sam Cullman
1985,Francesco Imperato
1986,Stefon Bristol
1987,Kate Melville
1988,Aditya Vikram Sengupta
1989,Mandie Fletcher
1990,Aijaz Khan
1991,Gonzalo López-Gallego
1992,Abby Epstein
1993,Hepi Mita
1994,Che Sandoval
1995,Jean-Bernard Marlin
1996,Yee Tung-Shing
1997,Patricia Font
1998,Yen Cheng-kuo
1999,Alex Parkinson
2000,Frant Gwo
2001,Hao Wu
2002,Felipe Cano
2003,Gabriela Tagliavini
2004,Lee Jeong-beom
2005,William Bindley
2006,Manav Shah
2007,Michael Epstein
2008,Rachel Lears
2009,Syamsul Yusof
2010,Mangesh Kanthale
2011,Herman Yau
2012,Dar Gai
2013,Sathyan Anthikad
2014,Brian Oakes
2015,Bille August
2016,Fab Five Freddie
2017,Sandra Restrepo
2018,Sarthak Dasgupta
2019,Jennifer Kaytin Robinson
2020,Renato De Maria
2021,Alan Rickman
2022,Ulises Valencia
2023,Beyoncé Knowles-Carter
2024,Richard Curtis
2025,Suparn Verma
2026,Anant Balani
2027,Soukarya Ghosal
2028,Leena Yadav
2029,Amitabha Singh
2030,Hasan Karacadağ
2031,Chris Nelson
2032,Lee Kyoungmi
2033,John R. Leonetti
2034,Jeremiah Jones
2035,Brie Larson
2036,Shelly Chopra Dhar
2037,Shanjey Kumar Perumal
2038,Tianyu Zhao
2039,Shazia Ali Khan
2040,Erik White
2041,Owen Egerton
2042,Sam Blitz Bazawule
2043,Swapnaneel Jayakar
2044,Kyzza Terrazas
2045,John Lee Hancock
2046,Theo Love
2047,Awi Suryadi
2048,Raj Babu
2049,Javier Ruiz Caldera
2050,Chanon Yingyong
2051,Stuart Sender
2052,Wenn V. Deramas
2053,Joyce Bernal
2054,Maryo J. De los Reyes
2055,Karan Shivajirao Chavan
2056,Amy Schumer
2057,Richard Loncraine
2058,Pia Sukanya
2059,Yann Gozlan
2060,Lukas Dhont
2061,Frank W Chen
2062,Olivia M. Lamasan
2063,J.C. Chandor
2064,Brian Klein
2065,Ibrahim Bin Mohamed
2066,Clark Johnson
2067,Emmanuel Mouret
2068,Conor Allyn
2069,Nuel Naval
2070,Keoni Waxman
2071,Isao Yukisada
2072,A.R. Murugadoss
2073,Fritz Ofner
2074,Nottapon Boonprakob
2075,Xavier Gens
2076,Jonathan A. Rosenbaum
2077,Franck Phelizon
2078,Peter Howitt
2079,Chiwetel Ejiofor
2080,Rodrigo Salomón
2081,Miguel Ángel Vivas
2082,Carlos Vermut
2083,Sridhar Rangayan
2084,Michael Blieden
2085,Pawan K Shrivastava
2086,Mar Targarona
2087,Aruna Raje
2088,Alex Lehmann
2089,Elisabeth Vogler
2090,Parambrata Chatterjee
2091,Woo Min-ho
2092,Paul Miller
2093,Michael Del Monte
2094,Suseenthiran
2095,Matt Tyrnauer
2096,Prasanth Varma
2097,Gangadhar Salimath
2098,Daniel J. Clark
2099,Marcelo Galvão
2100,Shanawaz Nellikunnil
2101,Lars Kaalund
2102,Hari Nath
2103,Saket Chaudhary
2104,Tanuja Chandra
2105,Jackie van Beek
2106,Sachin Kamlakar Khot
2107,Daniel Monzón
2108,Rayka Zehtabchi
2109,Tom Stern
2110,Kelly Duane de la Vega
2111,Julio Medem
2112,Johnny Kevorkian
2113,Amshan Kumar
2114,Adam Davis
2115,Hsu Chih-yen
2116,Rick Morales
2117,Michael D. Black
2118,Dan Gilroy
2119,Mamat Khalid
2120,Amarjit Virdi
2121,Nishil Sheth
2122,Byun Hyuk
2123,Zoe Berriatúa
2124,Adam Bhala Lough
2125,Faozan Rizal
2126,Mansore
2127,Kuntz Agus
2128,Jerrold Tarog
2129,Laura Alvea
2130,Gastón Duprat
2131,Andy Caballero
2132,Seren Yüce
2133,Jonathan Helpert
2134,André D'Elia
2135,Skye Borgman
2136,Hashim Nadeem Khan
2137,Sarjun
2138,Feroz
2139,Syed Atif Ali
2140,Lee Seung-won
2141,Rik Reinholdtsen
2142,Gauravv K Chawla
2143,Bent-Jorgen Perlmutt
2144,Hugo Stuven
2145,Greg Pritikin
2146,Kobun Shizuno
2147,Kunal Kohli
2148,Noor Imran Mithu
2149,Nonzee Nimibutr
2150,Ísold Uggadóttir
2151,Lorena Munoz
2152,Genevieve Nnaji
2153,Terry Gilliam
2154,Yanyong Kuruaungkoul
2155,Lenin Bharathi
2156,Ranjit Jeyakodi
2157,Ram
2158,John Fortenberry
2159,Chris Bould
2160,Kevin Booth
2161,Paul M. Green
2162,Julio Fernández Talamantes
2163,Walter C. Miller
2164,Noriyuki Abe
2165,Ellen Brown
2166,Matt Askem
2167,Rob Zombie
2168,Álvaro Brechner
2169,Rakesh Mehta
2170,Eduardo Chauvet
2171,Gonzalo Bendala
2172,Noam Murro
2173,Kheiron
2174,Susanne Bier
2175,Irek Dobrowolski
2176,Gilbert Chan
2177,Rarecho
2178,Steve Cheng
2179,Sam Loh
2180,Jason Lai
2181,Samit Kakkad
2182,Prasobh Vijayan
2183,Sriram Raghavan
2184,Elaine Bogan
2185,Michael Cuesta
2186,David Cronenberg
2187,Thom Zimny
2188,James Marsh
2189,Sean Olson
2190,Sigrid Andrea Bernardo
2191,Guillermo de Oliveira
2192,Manoj Beedha
2193,Alfonso Cuarón
2194,John Hoffman
2195,Marco Risi
2196,Anne Fletcher
2197,Marek Losey
2198,Andy Serkis
2199,Mat King
2200,Bert Marcus
2201,Ahsan Rahim
2202,Cheang Pou Soi
2203,Enrique García Meza
2204,Katarina Launing
2205,Johnnie To
2206,Lawrence Cheng
2207,Prakash Balwant Saini
2208,Nam Ron
2209,Baljit Singh Deo
2210,Leung Lok Man
2211,Jazz Boon
2212,Felix Chong
2213,Dhanush
2214,Gary Mak
2215,Liu Jiang
2216,Joseduardo Giordano
2217,Alice Rohrwacher
2218,Nandita Das
2219,Romain Gavras
2220,Sebastián Hofmann
2221,Denny Lu
2222,Clay Kaytis
2223,Fernando Colomo
2224,Robert Vince
2225,Raditya Dika
2226,David Paul Meyer
2227,Daniel Goldhaber
2228,Fred Cavayé
2229,Joel Coen
2230,V C Abhilash
2231,Nila Madhab Panda
2232,Timo Tjahjanto
2233,Nakul Singh Sawhney
2234,Nishanth Ravindaran
2235,Swapna Waghmare Joshi
2236,Erik Matti
2237,Christopher Guest
2238,Vincent Kok
2239,Christian Zübert
2240,David Mackenzie
2241,Tejas Prabha Vijay Deoskar
2242,Matheus Souza
2243,Sara Dosa
2244,Bradley Walsh
2245,Orson Welles
2246,Morgan Neville
2247,Indrajit Nattoji
2248,Raj Kumar Gupta
2249,Remo D'Souza
2250,Arnab Chaudhuri
2251,Rana Ranbir
2252,Priyadarshan
2253,Vivek Agnihotri
2254,Habib Faisal
2255,Bobby Roth
2256,Halder Gomes
2257,Amitoj Mann
2258,B. Unnikrishnan
2259,Madhur Bhandarkar
2260,Sajid Khan
2261,Saji Surendran
2262,Ksshitij Chaudhary
2263,Sundar C.
2264,Gary Binkow
2265,Nikhil Advani
2266,Navinder Pal Singh
2267,Kunal Deshmukh
2268,R. Kannan
2269,Gaurav Narayanan
2270,Kevin Layne
2271,Jennifer M. Kroot
2272,Akin Omotoso
2273,Dani de la Torre
2274,Tinge Krishnan
2275,Aleksey German
2276,Sergio Barrejón
2277,Sandi Tan
2278,Vijay Yelakanti
2279,S.S. Rajamouli
2280,Joanna Lombardi
2281,Kim Jee-woon
2282,Rajesh Touchriver
2283,David Lam
2284,Thiru
2285,Tom Forrest
2286,Anik Datta
2287,Shaad Ali
2288,Gareth Evans
2289,Paul Urkijo Alijo
2290,Johanna Demetrakas
2291,Padraic McKinley
2292,Rizal Mantovani
2293,Rusty Cundieff
2294,Kabir Bhatia
2295,Chris Eigeman
2296,Olaf de Fleur
2297,Tamara Jenkins
2298,Kavi Raz
2299,Nick Simon
2300,Eric Idle
2301,Anthony Giordano
2302,Will Yapp
2303,Terry Hughes
2304,Roger Graef
2305,Terry Jones
2306,Ian MacNaughton
2307,Albert Sharpe
2308,Simranjit Singh Hundal
2309,N. Linguswamy
2310,Deep Joshi
2311,Manjeet Maan
2312,Shagufta Rafique
2313,Tinu Pappachan
2314,Amarpreet G S Chabbra
2315,Paresh Mokashi
2316,Rohit Jugraj
2317,Atharv Baluja
2318,Vishal Bhardwaj
2319,Puneet Sira
2320,Aziz Mirza
2321,Sameer Sharma
2322,Chandan Arora
2323,Rajan Madhav
2324,Raaghav Dar
2325,Ishi Rudell
2326,David Lee Miller
2327,Amit Saxena
2328,Jaivi Dhanda
2329,Suman Ghosh
2330,Kabir Khan
2331,Akshay Akkineni
2332,Nidhi Sharma
2333,Mastan Alibhai Burmawalla
2334,Vipin Parashar
2335,Vikram Pradhan
2336,Vijay
2337,Sartaj Singh Pannu
2338,Ayaan Mukherji
2339,Sidharth Malhotra
2340,Saket Behl
2341,Anjum Shahzad
2342,Ken Kwapis
2343,Monique Gardenberg
2344,Han Yan
2345,Jeremy Saulnier
2346,Kim A. Snyder
2347,Álvaro Longoria
2348,Anthony Byrne
2349,Rashida Jones
2350,Ariel Vromen
2351,Nicole Holofcener
2352,Alessio Cremonini
2353,Joram Lürsen
2354,Madeleine Gavin
2355,Kevin R. Adams
2356,Ian Samuels
2357,Franck Ribière
2358,Peter Ho
2359,Qaushiq Mukherjee
2360,Onir
2361,Jatla Siddartha
2362,Kanwal Sethi
2363,Samuel Jouy
2364,Shivam Nair
2365,Jordan Brady
2366,Todd Biermann
2367,Patrick Graham
2368,Mike Clattenburg
2369,Han Qing
2370,Atlee Kumar
2371,Ravi Udyawar
2372,R. Balki
2373,Shree Narayan Singh
2374,Manuel Martín Cuenca
2375,Susan Johnson
2376,Y. Joon Chung
2377,Rucha Humnabadkar
2378,Mike Newell
2379,Jake Szymanski
2380,Abhishek Varman
2381,Sabir Khan
2382,Nikhil Nagesh Bhat
2383,Xiaoxing Yi
2384,Lauren Miller Rogen
2385,Khalid Mohamed
2386,Sanjay Leela Bhansali
2387,Prem Soni
2388,Prabhu Deva
2389,Mandeep Kumar
2390,Jesse Handsher
2391,Pablo Giorgelli
2392,Ted Emery
2393,Tony Datis
2394,Raúl Campos
2395,Ben Young
2396,Kirby Dick
2397,Chris Jenkins
2398,Diego Cohen
2399,Lee Eung-bok
2400,Jody Hill
2401,Samu Fuentes
2402,Alexandre Espigares
2403,Scott L. Montoya
2404,Sam Voutas
2405,Raj Kaushal
2406,K.C. Bokadia
2407,Samir Soni
2408,Juan Antonio de la Riva
2409,Shlok Sharma
2410,Yayo Herrero
2411,Matt Palmer
2412,Rodrigo Triana
2413,Elaine McMillion Sheldon
2414,Federico D'Alessandro
2415,Seiji Mizushima
2416,Myriam Aziza
2417,Gerard Barrett
2418,Rene Liu
2419,Oded Raz
2420,Mariana Tschudi
2421,Ramón Salazar
2422,Eduardo Mendoza de Echave
2423,Craig Johnson
2424,Jeffrey Walker
2425,Shadab Khan
2426,Nattawut Poonpiriya
2427,Felix Starck
2428,Norberto López Amado
2429,Alex Richanbach
2430,Tig Notaro
2431,Brit McAdams
2432,Mercedes Cordova
2433,Hayao Miyazaki
2434,Anthony Abrams
2435,Trey Borzillieri
2436,Bobcat Goldthwait
2437,Dani Levy
2438,Sonny Mallhi
2439,Andrew Niccol
2440,Isabelle Nanty
2441,Rob Epstein
2442,Antonio Morabito
2443,Rene Bueno
2444,John Woo
2445,Patricia Ferreira
2446,Jimmy Henderson
2447,Devashish Makhija
2448,Amal Neerad
2449,Fluvio Iannuci
2450,Julius R. Nasso
2451,Lucas Figueroa
2452,Alfonso Rodríguez
2453,Guillermo Garcia
2454,Dito Montiel
2455,Vicente Villanueva
2456,Amit Roy
2457,Teddy Lussi-Modeste
2458,Dawn Porter
2459,Ben Shelton
2460,Curro Velázquez
2461,Robert Smigel
2462,Max Amini
2463,Jason Sussberg
2464,Célia Catunda
2465,Sang-ho Yeon
2466,Andy Fickman
2467,Olivia Milch
2468,David Sington
2469,Pedro Coutinho
2470,Joshua Marston
2471,Eleonore Pourriat
2472,Peter Webber
2473,Peter Orton
2474,Marja Lewis Ryan
2475,Ryan Koo
2476,Hatem Khraiche
2477,Derek Peck
2478,Jennifer Morrison
2479,Hèctor Hernández Vicens
2480,Kader Aoun
2481,Abhay Chopra
2482,Diego Lerman
2483,Farah Khan
2484,Ananda Krishnan
2485,Amol Palekar
2486,Joe Miale
2487,Olivia Newman
2488,Jared Stern
2489,Lennart Ruff
2490,Dan Lucchesi
2491,Mijke de Jong
2492,Daryl Hannah
2493,Michael Larnell
2494,Advait Chandan
2495,Brandon Camp
2496,Alison Klayman
2497,Yoo Byung-jae
2498,Sunao Katabuchi
2499,Johan Brisinger
2500,Maria Sadowska
2501,Yang Woo-seok
2502,John L. Spencer
2503,Victor Cook
2504,Kazuya Murata
2505,Martin Zandvliet
2506,Uraaz Bahl
2507,Ben Wallis
2508,Robin Aubert
2509,Mitch Gould
2510,Lars Büchel
2511,Amit Barot
2512,Carlo Padial
2513,Mike Smith
2514,Milind Dhaimade
2515,Hong-seon Kim
2516,Duncan Jones
2517,Hang-Jun Jang
2518,Fumihiko Sori
2519,Mariano Baez
2520,Stephanie Laing
2521,Anand Tiwari
2522,Roberta Grossman
2523,David Bruckner
2524,Tamta Gabrichidze
2525,Ari Sandel
2526,Julius Onah
2527,Ildiko Enyedi
2528,You-Jeong Chang
2529,Dan Forrer
2530,Selima Taibi
2531,Marty Callner
2532,Javier Ambrossi
2533,David Wain
2534,Isaac Florentine
2535,Scott Moran
2536,Santiago Diaz
2537,Charles Stone III
2538,Matt Angel
2539,Chris Baugh
2540,Latif Faiziyev
2541,Rajiv Mehra
2542,Rhiannon Bannenberg
2543,David Mrnka
2544,Maya Forbes
2545,Choi Jin-seong
2546,Milind Rau
2547,Craig Elrod
2548,Jose Manuel Colón
2549,Yasuhiro Irie
2550,Alethea Jones
2551,Jay Baruchel
2552,Ludovic Bernard
2553,Noël Wells
2554,Patrick Brice
2555,Daniel Kontur
2556,Diego Kaplan
2557,Marco Deufemia
2558,Lydia Tenaglia
2559,Varun Narvekar
2560,Seth Henrikson
2561,Benson Lee
2562,Umesh Mehra
2563,Drew Heriot
2564,Joel Crawford
2565,Michael Barrett
2566,Evan Spiridellis
2567,Leopoldo Aguilar
2568,Nana Ekvtimishvili
2569,Olivier Jean-Marie
2570,Myles Kane
2571,Shreyas Talpade
2572,Jon Alpert
2573,Ibai Abad
2574,Josh Wakely
2575,Jacob Kornbluth
2576,Alain Desrochers
2577,Go Koga
2578,Christian Charles
2579,Bronwen Hughes
2580,John Ridley
2581,Pali Yahya
2582,Alo Sarkar
2583,Iñaki Dorronsoro
2584,Ali Bin Matar
2585,Ali Samadi Ahadi
2586,D Ho
2587,Judah Friedlander
2588,Errol Morris
2589,Alex Israel
2590,Griffin Dunne
2591,Katherine Dieckmann
2592,Heidi Ewing
2593,Jeremy Rush
2594,Reem Kherici
2595,Ranjit Tiwari
2596,David Stubbs
2597,Shakti Samanta
2598,Mahmoud al Massad
2599,Yesim Ustaoglu
2600,Jan Suter
2601,Lucy Cohen
2602,Mahmoud Sabbagh
2603,Borja Cobeaga
2604,David France
2605,Brandon Jones
2606,Geun-hyun Cho
2607,Carlos Therón
2608,Francesco Carrozzini
2609,Karen J. Lloyd
2610,Vibeke Idsøe
2611,Carlos Algara
2612,Jacob LaMendola
2613,Ritesh Batra
2614,Dylan Howitt
2615,Nabil Ayouch
2616,Louis J. Horvitz
2617,Warren P. Sonoda
2618,Álex de la Iglesia
2619,Chris Moukarbel
2620,Ana Lily Amirpour
2621,Michael Bonfiglio
2622,Yance Ford
2623,Fernando Lebrija
2624,Rodrigo Toro
2625,José Miguel Contreras
2626,Toshiyuki Kubooka
2627,Todd S. Yellin
2628,Mohammed Hussain
2629,Eli Craig
2630,Shammi Kapoor
2631,Florian Schnell
2632,Josh Izenberg
2633,Gary Wang
2634,Raz Degan
2635,Israel Adrián Caetano
2636,Mariano Cohn
2637,Sarah Adina Smith
2638,Cate Shortland
2639,Adam Wingard
2640,Daniel Lindsay
2641,Tommy Wirkola
2642,Jean-Claude La Marre
2643,Jorge Hernandez Aldana
2644,Will Canon
2645,Rob Silvestri
2646,Matthias Hoene
2647,Bryan Fogel
2648,Fabrice Du Welz
2649,John Butler
2650,Ali Scher
2651,Maz Jobrani
2652,Isaac Rentz
2653,Christopher Murray
2654,Claude Lelouch
2655,Vanessa Roth
2656,Jim Strouse
2657,Kasper Collin
2658,Fazila Allana
2659,Eric Abrams
2660,Agustí Villaronga
2661,Harry Chaskin
2662,Marti Noxon
2663,Stefan Brogren
2664,Pat Healy
2665,Nicolas Brossette
2666,Serdar Akar
2667,Lekh Tandon
2668,Doesjka van Hoogdalem
2669,Sushil Majumdar
2670,Geetu Mohandas
2671,Paulo Oriol
2672,Oskar Santos
2673,Bill D'Elia
2674,Brian Knappenberger
2675,Brent Bonacorso
2676,Nitesh Tiwari
2677,Roy Burdine
2678,Jay Bulger
2679,Kip Andersen
2680,Iginio Straffi
2681,Arun Chidambaram
2682,Caio Cobra
2683,Cal Seville
2684,Michael John Warren
2685,Chang-Min Lee
2686,Oren Uziel
2687,Manika Sharma
2688,Jun-seong Kim
2689,Edward Cotterill
2690,Onur Tukel
2691,Jayaprakash Radhakrishnan
2692,Rob Meyer
2693,Anita Barbosa
2694,Ketan Mehta
2695,Daniel Wilner
2696,Alberto Rodríguez
2697,Joe Piscatella
2698,Rahul Dholakia
2699,Jean-Patrick Benes
2700,Hiroyuki Seshita
2701,Lygia Barbosa da Silva
2702,Kundan Shah
2703,So Yong Kim
2704,Alina Teodorescu
2705,Filip Renc
2706,Dylan Bank
2707,Sean Foley
2708,Pierre Coré
2709,Liz Plonka
2710,Jeff Garlin
2711,Michael Barnett
2712,Jessica Yu
2713,K. Rajagopal
2714,Praveen Nischol
2715,Lucien Jean-Baptiste
2716,Sean Cisterna
2717,Sudhanshu Saria
2718,Dilip Mehta
2719,Isaki Lacuesta
2720,Kitty Green
2721,Evan Katz
2722,Gauri Shinde
2723,Oliver Schmitz
2724,Felix Herngren
2725,Jill Bauer
2726,Fernando Coimbra
2727,Adam Leon
2728,Andrea Molaioli
2729,Marie Madinier
2730,Miguel Ángel Lamata
2731,Steven Brill
2732,Antonio Serrano
2733,Grant S. Johnson
2734,Joe Swanberg
2735,Louis C.K.
2736,Alexandre Reinecke
2737,Jamal Hill
2738,K. Ramanlal
2739,Maris Curran
2740,Avinash Arun
2741,Jason Spingarn-Koff
2742,A. Salaam
2743,Eduardo Casanova
2744,Daniel Burman
2745,Kike Maíllo
2746,Laurent Bouzereau
2747,Gordon Anderson
2748,Charlie McDowell
2749,Meghan O'Hara
2750,Tommy O'Haver
2751,Lonny Price
2752,Sydney Freeland
2753,Jung-woo Park
2754,James Ivory
2755,Santosh Sivan
2756,Erik Canuel
2757,Peter Middleton
2758,Shashilal K. Nair
2759,Marcel Barrena
2760,Gerard McMurray
2761,Selvamani Selvaraj
2762,Lô Politi
2763,Tomas Portella
2764,Macon Blair
2765,Keith Scholey
2766,Juan Pablo Buscarini
2767,Thomas Stuber
2768,Raúl Arévalo
2769,Matías Bize
2770,Michael Paul Stephenson
2771,Colin Dench
2772,Ricky Gervais
2773,Joachim Fest
2774,Malik Vitthal
2775,Joaquín Mazón
2776,Jonás Trueba
2777,Peter DeLuise
2778,Alejandra Márquez Abella
2779,Sébastien Betbeder
2780,Adam Randall
2781,Marco Dutra
2782,Mario Rouleau
2783,Aniruddha Roy Chowdhury
2784,Chester Tam
2785,Hannes Stöhr
2786,Andreas Prochaska
2787,Maximilian Erlenwein
2788,Burhan Qurbani
2789,Hubert Woroniecki
2790,Alistair Legrand
2791,Mir-Jean Bou Chaaya
2792,Jeannie Gaffigan
2793,Babak Anvari
2794,Emily Hagins
2795,Greg Richardson
2796,Uwe Boll
2797,Mitch Schauer
2798,Rohit Mittal
2799,Steve Hickner
2800,Diego Luna
2801,Jorge Michel Grau
2802,Riki Lindhome
2803,Vikram Gandhi
2804,Sean Hanish
2805,Sinan Akkuş
2806,Matt Bell
2807,James Hawes
2808,Elite Zexer
2809,James Yukich
2810,Nic Mathieu
2811,Chris Kelly
2812,Roman Gackowski
2813,Benjamin Dickinson
2814,Sacha Wolff
2815,Adam Nimoy
2816,Elizabeth Wood
2817,Robert McCullough Jr.
2818,Shrihari Sathe
2819,Ralph Macchio
2820,Ricardo Maldonado
2821,Vetrimaaran
2822,Linas Phillips
2823,Jeff Margolis
2824,Bauddhayan Mukherji
2825,María Jose Cuevas
2826,Chris Sparling
2827,Houda Benyamina
2828,Volker Weicker
2829,Manjeet Singh
2830,Lorene Machado
2831,Richard Mears
2832,Moto Sakakibara
2833,Emilio Martínez Lázaro
2834,Osgood Perkins
2835,Werner Herzog
2836,Julien Rambaldi
2837,Yvan Attal
2838,Benjamin Weill
2839,Roger Gual
2840,Thomas Sorriaux
2841,Clovis Cornillac
2842,Jonathan Demme
2843,Dave Higby
2844,Richie Smyth
2845,Riccardo Pilizzeri
2846,Guilherme Fontes
2847,Aamir Bashir
2848,David Schalko
2849,Pieter Kuijpers
2850,Prashant Nair
2851,Paul Taublieb
2852,Riccardo Milani
2853,Rod Blackhurst
2854,Tony Elliott
2855,Dan Krauss
2856,Christopher Louie
2857,Justin Krook
2858,Michael Drumm
2859,Alex Coletti
2860,John Smithson
2861,Christopher Martin
2862,Tom Whitter
2863,Sian Heder
2864,Karl Mueller
2865,Allan Ungar
2866,Hemant Gaba
2867,Rob Burnett
2868,Jon Greenhalgh
2869,Felix Van Groeningen
2870,Rodolphe Guenoden
2871,Jason Krawczyk
2872,Sam Wrench
2873,Sophie Robinson
2874,John Lee
2875,Yuen Wo-Ping
2876,Alik Sakharov
2877,L. Frazier
2878,Frank Coraci
2879,Gary Howsam
2880,Kristin Hanggi
2881,J. Davis
2882,Chris Buck
2883,Andrew Bujalski
2884,Adam Dubin
2885,Cary Joji Fukunaga
2886,Aaron Hann
2887,Evgeny Afineevsky
2888,Kristina Goolsby
2889,Phil Joanou
2890,Anthony Pierce
2891,Jennifer Phang
2892,Mike Fleiss
2893,Aziz Ansari
2894,David Sampliner
2895,Katy Chevigny
2896,Wyatt Cenac
2897,Luis Lopez
2898,Robert Nixon
2899,Greg Whiteley
2900,Jehane Noujaim
2901,Jason Moore
2902,Josh Greenbaum
2903,Will Lovelace
2904,Constance Marks
2905,Larry Elikann
2906,Robert Markowitz
2907,Eric Laneuville
2908,Joel Oliansky
2909,Roy Campanella II
2910,Arthur Allan Seidelman
2911,John Herzfeld
2912,Buzz Kulik
2913,Richard Michaels
2914,Linda Otto
2915,Roger Young
2916,Rob LaDuca
2917,Icíar Bollaín
2918,Joe Dante
2919,Ole Bornedal
2920,Sorin Dan Mihalcescu
2921,Shane Acker
2922,Kevin Reynolds
2923,Shravan Kumar
2924,Vijay Milton
2925,Santwana Bardoloi
2926,Atanu Ghosh
2927,Lyric R. Cabral
2928,Michael Margolis
2929,Michael Kennedy
2930,Óskar Thór Axelsson
2931,Karyn Kusama
2932,Adam Deyoe
2933,Leif Tilden
2934,Melinda Janko
2935,Sam Upton
2936,Victor Zarcoff
2937,Daniel Stamm
2938,Daniel Lee
2939,Scott Hussion
2940,Richard Donner
2941,Burr Steers
2942,David Marmor
2943,Raymond Wood
2944,Hasraf Dulull
2945,Mike Mills
2946,Jon Lucas
2947,Joey Curtis
2948,Brian Smrz
2949,Nicanor Loreti
2950,Simon Napier-Bell
2951,Betty Thomas
2952,Gaby Dellal
2953,Iman Brotoseno
2954,Shazia Javed
2955,Hani Hamdi
2956,Ruben Fleischer
2957,Maciej Dejczer
2958,Jack C. Newell
2959,Andrew Nackman
2960,Anggy Umbara
2961,Victor Levin
2962,Jonathan Levine
2963,Toa Fraser
2964,Bharat Jain
2965,Trent Haaga
2966,Nizar Shafi
2967,Meenu Gaur
2968,Padmakumar Narasimhamurthy
2969,Richard Attenborough
2970,Stanley Kubrick
2971,Stephen Gyllenhaal
2972,Tom Fassaert
2973,Mark Williams
2974,Roman Coppola
2975,Erik Nelson
2976,Teo Konuralp
2977,Jim Fall
2978,Andy Goddard
2979,Chris Bell
2980,Christopher S. Rech
2981,Michael Lennox
2982,Kees Van Oostrum
2983,Henry Sarwer-Foner
2984,Ishaan Trivedi
2985,Asghar Farhadi
2986,Maria Burton
2987,Natalie Portman
2988,Martin Lawrence
2989,Adam Shankman
2990,Gregory Caruso
2991,Rusty Nixon
2992,Oliver Daly
2993,Midhun Manuel Thomas
2994,Chandrakant Kulkarni
2995,Uttung Shelar
2996,Chad Van De Keere
2997,Daniela Goggi
2998,Alfonso Serrano Maturino
2999,Julien Christian Lutz
3000,Julie Taymor
3001,Mike McCoy
3002,Brett Donowho
3003,Thierry Donard
3004,Anne Fontaine
3005,Sandeep Chatterjee
3006,Kyle Rideout
3007,Bryce Wagoner
3008,Brittany Andrews
3009,Nicolás López
3010,Terry Loane
3011,Biswajeet Bora
3012,Castille Landon
3013,Gervasio Iglesias
3014,J. Michael Long
3015,Susan Glatzer
3016,Eva Vives
3017,Don Bluth
3018,Víctor García
3019,Charlie Vaughn
3020,Chris Blake
3021,Matthew Hope
3022,Vincent Perez
3023,Lee Tamahori
3024,Richard Rich
3025,Greg Kohs
3026,Trey Haley
3027,Atul Malhotra
3028,Manmohan Desai
3029,Khaled Youssef
3030,Charlie Siskel
3031,Sam Mendes
3032,Brendon Marotta
3033,Barak Goodman
3034,Sharon Grimberg
3035,Mark Zwonitzer
3036,Wilson Coneybeare
3037,Sarik Andreasyan
3038,Tony Kaye
3039,Andrea Arnold
3040,Nick Davis
3041,Jerry G. Angelo
3042,Asif Kapadia
3043,Karan Bali
3044,Phil Nibbelink
3045,Larry Latham
3046,Perry Lang
3047,Ismail Farouk
3048,Avinash Das
3049,Carlos Marques-Marcet
3050,Tim Blake Nelson
3051,Luis Mandoki
3052,Pan Nalin
3053,Sohail Tatari
3054,Paul Serafini
3055,Juan Zapata
3056,Sherif Ismail
3057,Anirban Majumder
3058,Ken Barbet
3059,Manish Jha
3060,David Salzberg
3061,J.F. Musial
3062,Christian Desmares
3063,Christopher Chambers
3064,Khaled El Halafawy
3065,Nia Dinata
3066,Jason Winer
3067,Sarah Smith
3068,James L. Brooks
3069,John Murlowski
3070,Sung-soo Kim
3071,Mike Nicoll
3072,Jason Stone
3073,Mez Tharatorn
3074,David Morris
3075,Fabrizio Copano
3076,Mike Rossiter
3077,Gabe Ibáñez
3078,Anthony Russo
3079,Levan Tsikurishvili
3080,Ajay Bahl
3081,Çagan Irmak
3082,Alejandro G. Iñárritu
3083,Shikha Makan
3084,José Eduardo Belmonte
3085,Adam MacDonald
3086,Dave Patten
3087,Michael Petroni
3088,David Chirchirillo
3089,Salima Koroma
3090,Sumitra Bhave
3091,Justin Lee
3092,Simon Wells
3093,Phil Weinstein
3094,Haissam Hussain
3095,Zoe Lister-Jones
3096,Aaron Nee
3097,Tanit Jitnukul
3098,Manop Janjarasskul
3099,Adisorn Tresirikasem
3100,Jordi Llompart
3101,Raja Menon
3102,Matthew Salleh
3103,Adam Wood
3104,Zeke Norton
3105,Andrew Tan
3106,William Lau
3107,Ezekiel Norton
3108,Kyle Newman
3109,Esteban Vidal
3110,Dava Whisenant
3111,Hrishikesh Mukherjee
3112,Sagar Sarhadi
3113,Lilibet Foster
3114,Joshua Caldwell
3115,Volker Arzt
3116,Mel Smith
3117,Mike Judge
3118,Bruce W. Smith
3119,Agasyah Karim
3120,Julian Jarrold
3121,Fisher Stevens
3122,Keiko Yagi
3123,Katherine Fairfax Wright
3124,Rajeev Chaudhari
3125,Anthony Wonke
3126,April Mullen
3127,Adam Marino
3128,Joe Camp
3129,Tamer Bassiouni
3130,Ted Braun
3131,Dharmesh Darshan
3132,Sushrut Jain
3133,Majid Majidi
3134,Jasbir Bijendra Bhati
3135,Joey Kern
3136,Scott Martin
3137,Kaspar Astrup Schröder
3138,Nick Broomfield
3139,Stephen Daldry
3140,Vonda Harrell
3141,Indrasis Acharya
3142,Gajendra Ahire
3143,Emanuel Hoss-Desmarais
3144,Marianna Palka
3145,Ham Tran
3146,Miguel Conde
3147,Supavitra Babul
3148,Mark Harris
3149,Jesse Gustafson
3150,Martin Hodara
3151,Gabriela Cowperthwaite
3152,Daniel Alfredson
3153,Ethan Hawke
3154,Ben Younger
3155,Deane Taylor
3156,July Hygreck
3157,Jean-François Richet
3158,Ted Demme
3159,Abdellatif Kechiche
3160,Woody Allen
3161,Lev L. Spiro
3162,Derek Cianfrance
3163,Jeremy Kenyon Lockyer Corbell
3164,Jay Surridge
3165,Elvira Lind
3166,Raj Kapoor
3167,Gabriel Clarke
3168,Brendan Byrne
3169,Geoffrey Orthwein
3170,Byron Howard
3171,Alexandra Dean
3172,Jelle de Jonge
3173,Arthur Penn
3174,Kaizad Gustad
3175,Gary Cohen
3176,Gayane Petrosyan
3177,Richard Sears
3178,Alê Abreu
3179,Chris Stokes
3180,Michael Doneger
3181,Cecilia Peck
3182,Jody Lambert
3183,Simon Baker
3184,Rian Johnson
3185,Robert Adetuyi
3186,Lu Yang
3187,Vivieno Caldinelli
3188,Mike Wiluan
3189,Andreas Johnsen
3190,David McCracken
3191,Steve Antin
3192,Jon Manning
3193,Lee Chang-dong
3194,Cary Murnion
3195,Daniel Mann
3196,Daniele Thompson
3197,Travis Zariwny
3198,Néstor Sánchez Sotelo
3199,Asim Abbasi
3200,Carlos Bolado
3201,Scott Marshall Smith
3202,Lisa Arnold
3203,Peter Sattler
3204,Harry Elfont
3205,Bernard Rose
3206,Justin Pemberton
3207,Noushad
3208,Mark O'Connor
3209,Chito S. Roño
3210,Todd Haynes
3211,Brian De Palma
3212,Matt Piedmont
3213,Wong Jing
3214,Richard Brooks
3215,Aaron Hancox
3216,Henrik Martin Dahlsbakken
3217,Shivendra Singh Dungarpur
3218,Nicholas Hytner
3219,Harry Baweja
3220,Aatmaram Dharne
3221,Umer Adil
3222,Arne Birkenstock
3223,Dianne Dreyer
3224,Garin Nugroho
3225,John Curran
3226,Charles A. Nichols
3227,John Scheinfeld
3228,Gurvinder Singh
3229,Asit Mohapatra
3230,Shyamal Chaulia
3231,Anuranjan Premji
3232,Mark Dindal
3233,Tom Holland
3234,Tan Bing
3235,Bedabrata Pain
3236,Ken Hughes
3237,Atom Egoyan
3238,Andrew Sandler
3239,Corbin Bernsen
3240,Marita Grabiak
3241,Gary Wheeler
3242,Marc Forster
3243,Mohsin Ali
3244,Pete Travis
3245,Nick Mead
3246,Louis Leterrier
3247,Gregory Hoblit
3248,Eric Stoltz
3249,Jack Starrett
3250,Chris Perkel
3251,John Crowley
3252,Lilly Wachowski
3253,Matt Reeves
3254,Thomas Carter
3255,Vishal Mishra
3256,Saurav Palodhi
3257,Florian Gallenberger
3258,Zack Whedon
3259,Craig Goodwill
3260,Jesse Adang
3261,Van M. Pham
3262,Gavin Fitzgerald
3263,Abdul Aziz Hashad
3264,Stuart Rosenberg
3265,Ben Steele
3266,Henry Selick
3267,Jason Bourque
3268,Micah Bickham
3269,Kranti Kanade
3270,Ang Lee
3271,Don Mancini
3272,Zachary Heinzerling
3273,Chandrakant Kanse
3274,Gary David Goldberg
3275,Steve Carr
3276,Amara Cash
3277,Pablo Parés
3278,Johnson Esthappan
3279,Raj Amit Kumar
3280,Jean-Marc Vallée
3281,Philipp Eichholtz
3282,Brendan Toller
3283,Agnidev Chatterjee
3284,Alexandros Avranas
3285,Prawal Raman
3286,Parveen Kumar
3287,Julie Dash
3288,Amman Abbasi
3289,Dylan Haegens
3290,Tom Edmunds
3291,Tanveer Khan
3292,Danny J. Boyle
3293,Demetri Martin
3294,Tanuj Bhramar
3295,Jason Priestley
3296,Neil LaBute
3297,Harrison Smith
3298,Clay Porter
3299,Ken Burns
3300,Dennis Iliadis
3301,Camilla Nielsson
3302,Christian Gudegast
3303,Frederick Cipoletti
3304,Sam Patton
3305,Mohamed Samy
3306,Christopher Smith
3307,Michael Feifer
3308,Saara Cantell
3309,Clay Staub
3310,Hark Tsui
3311,Ben Ryder
3312,Benoît Jacquot
3313,Chia-Liang Liu
3314,Todd Standing
3315,Benjamin Arfmann
3316,David Lean
3317,Paul Schrader
3318,Philip Marlatt
3319,Charles Martin Smith
3320,Mahin Ibrahim
3321,Troy Nixey
3322,Caradog W. James
3323,Daniel Gordon
3324,Mike Birbiglia
3325,John Patrick Shanley
3326,M.J. Isakson
3327,Bo Welch
3328,Scott Mosier
3329,Rob Cohen
3330,Colin Teague
3331,Doug Lefler
3332,Patrik Syversen
3333,Greg MacGillivray
3334,Tristan Ferland Milewski
3335,Reiner Holzemer
3336,Afia Nathaniel
3337,Eeshwar Nivas
3338,Emma Hatherley
3339,Dave Green
3340,Anthony Lucero
3341,Will Gluck
3342,Bruce Gowers
3343,Ajithkumar
3344,Harjit Singh
3345,Philipp Stölzl
3346,Federico Lemos
3347,Bassam Kurdali
3348,John Bridcut
3349,Sebastian Gutierrez
3350,Fabien Beziat
3351,Hugues Nancy
3352,Nils Tavernier
3353,Jon Spira
3354,Michael Thelin
3355,Riri Riza
3356,Neil Triffett
3357,Greg Coolidge
3358,Ajay Phansekar
3359,Denis Villeneuve
3360,Jenny Carchman
3361,Jason James
3362,Robert Clouse
3363,Kurt Wimmer
3364,Wojciech Marczewski
3365,Marcelo González
3366,Valeria Golino
3367,Robi Michael
3368,Alex Garland
3369,James Lee
3370,Stuart Baird
3371,Anders Sømme Hammer
3372,Michael Whitton
3373,Joseph Mbah
3374,Benny Fine
3375,Matt Toronto
3376,Sedat Kirtan
3377,Keith L. Smith
3378,Nagraj Manjule
3379,Shadi Ali
3380,Ian Barber
3381,Norman Jewison
3382,Biyi Bandele
3383,Luke Jurevicius
3384,Ari Levinson
3385,Tony Zierra
3386,James Wong
3387,David R. Ellis
3388,Gianfranco Rosi
3389,Sabal Singh Shekawat
3390,Arthur Muhammad
3391,Nirpal Bhogal
3392,Keith Malloy
3393,Andrew Renzi
3394,Gerry Blaksley
3395,Cheh Chang
3396,Marc Abraham
3397,Kang Cheng
3398,Asri Bendacha
3399,Juan Manuel Cotelo
3400,Mark Helenowski
3401,Dean Wright
3402,Mark Murphy
3403,Richard Miron
3404,Jon Carey
3405,Fred M. Wilcox
3406,Maya Zinshtein
3407,Lee Fulkerson
3408,Seth Gordon
3409,Trudie Styler
3410,Marc Levin
3411,Wade Allain-Marcus
3412,Jude Okwudiafor Johnson
3413,Marcus Nispel
3414,Simon Verhoeven
3415,Heber Cannon
3416,Bob Rose
3417,Le Van Kiet
3418,Adam Del Giudice
3419,Hoyt Yeatman
3420,Fellipe Barbosa
3421,Pavel Parkhomenko
3422,Ifa Isfansyah
3423,Rudy Soedjarwo
3424,Hiroshi Katagiri
3425,Manbhavan Singh
3426,P.K. Baaburaaj
3427,David Grossman
3428,Guy Vasilovich
3429,Nicholas Stoller
3430,David Silberg
3431,Rich Ragsdale
3432,Kazuchika Kise
3433,Partho Ghosh
3434,Vincente Minnelli
3435,Sally Potter
3436,Brett Whitcomb
3437,Harold Cronk
3438,Jedd Wider
3439,Gordon Chan
3440,Michael Mason
3441,Francis Lee
3442,Takuya Inaba
3443,Sam de Jong
3444,Ivan Sen
3445,Mark Landre Gould
3446,Neslihan Yesilyurt
3447,Chris McCoy
3448,Wendy Jo Carlton
3449,Tarek Abdel Moaty
3450,Henrik Ruben Genz
3451,Justin Chon
3452,Robert Altman
3453,Mathieu Kassovitz
3454,Ananth Narayan Mahadevan
3455,Tanuj Chopra
3456,Nanette Burstein
3457,Eric Juhola
3458,Anjali Nayar
3459,James Woodroffe
3460,Ali Taner Baltacı
3461,Ian Kirby
3462,Satish Kaushik
3463,John Irvin
3464,Akram Farouk
3465,Johnny Martin
3466,Tim Van Someren
3467,Joe Dietsch
3468,Luis Javier M. Henaine
3469,Robert Osman
3470,Ilya Naishuller
3471,Jon Hurwitz
3472,Danny Leiner
3473,Daniel Raim
3474,Ah Loong
3475,Ron Davis
3476,Justin Bare
3477,Jon Schnitzer
3478,Brant Sersen
3479,Eddie Martin
3480,Andrew C. Erin
3481,Quinn Lasher
3482,Elle Callahan
3483,Ana Kokkinos
3484,Kelly Noonan
3485,David Mirkin
3486,Huang Jianming
3487,Tom Gianas
3488,Christel Gibson
3489,Timothy Woodward Jr.
3490,Shawn Arranha
3491,Liu Jie
3492,Scott Hicks
3493,Lucy van Beek
3494,Jennifer Lynch
3495,Vishnu Govindhan
3496,Daniel Ablin
3497,Asim Raza
3498,Neil Armfield
3499,Anthony Scott Burns
3500,Will Allen
3501,Note Chern-Yim
3502,Rakshith Thirthahalli
3503,Anindya Chatterjee
3504,Bille Woodruff
3505,Mike Disa
3506,Sudip Bandyopadhyay
3507,Brodje Wemboendja
3508,Ayush Raina
3509,Marty Stalker
3510,Scott Cooper
3511,Michael Polish
3512,Max McGill
3513,Akiva Schaffer
3514,Janusz Majewski
3515,Genndy Tartakovsky
3516,Mark Tonderai
3517,Sandy Chronopoulos
3518,Ziga Virc
3519,Tom O'Dell
3520,Ken Marino
3521,Lionel C. Martin
3522,Jocelyn Moorhouse
3523,Cal Saville
3524,Amar Gupte
3525,Raj Kanwar
3526,Drew Casson
3527,Jonathan Mostow
3528,Matt Kugelman
3529,Gabriel Grieco
3530,Benjamin Turner
3531,Mary Mazzio
3532,Laura VanZee Taylor
3533,Feng Xiaogang
3534,Adam Sjöberg
3535,Chuck Russell
3536,Douglas McGrath
3537,Maria Demeshkina Peek
3538,Ken Loach
3539,Steve Race
3540,Brett Harvey
3541,Law Wing-cheong
3542,Sachin
3543,Tony Leondis
3544,Karey Kirkpatrick
3545,Walerian Borowczyk
3546,Taron Lexton
3547,Aytaç Ağırlar
3548,Eric Zaragosa
3549,Suman Mukhopadhyay
3550,Jonathan Baker
3551,Elizabeth Chai Vasarhelyi
3552,Brad Bird
3553,Sanjeev Gupta
3554,John Stewart Muller
3555,Luca Vullo
3556,Iain Softley
3557,K. Subhash
3558,Eugenio Derbez
3559,Michael Gallagher
3560,Patricia Rozema
3561,Charles Officer
3562,John Trengove
3563,Kedar Shinde
3564,Jacob Schwab
3565,Leo Riley
3566,V. K. Prakash
3567,Manish Tiwary
3568,Zatella Beatty
3569,Young Jun Lee
3570,Mathias Malzieu
3571,Harvey Glazer
3572,Stuart Orme
3573,Dustin Nguyen
3574,Azfar Jafri
3575,Gerry Hoban
3576,C. Fitz
3577,Joe Boyd
3578,David Gelb
3579,Radhu Karmakar
3580,John Edginton
3581,Ashim Ahluwalia
3582,Andrew Stanton
3583,Bill Oliver
3584,Toby Haynes
3585,Amardeep Singh Gill
3586,Susannah Heath-Eves
3587,Nora Ephron
3588,Salim Akil
3589,Phil Morrison
3590,Lana Wachowski
3591,Kathryn Bigelow
3592,Sanjay Gupta
3593,Kranti Redkar
3594,Tinnu Anand
3595,Jijo Pancode
3596,Pa. Ranjith
3597,Buta Singh
3598,Roger Allers
3599,Pooja Bhatt
3600,Rupert Jones
3601,Dhilip Kumar
3602,Sai Paranjape
3603,Alphonso J. Wesson
3604,Vineeth Anil
3605,Lori Kaye
3606,Subhash Ghai
3607,Surya S.J.
3608,Sudipto Roy
3609,John Stockwell
3610,Steven Gomez
3611,Frédéric Tonolli
3612,Paul Tanter
3613,Attila Till
3614,Paul Katis
3615,Felix Thompson
3616,Jeffrey W. Byrd
3617,Steve Greenwood
3618,Peter Farrelly
3619,Deniz Gamze Ergüven
3620,Woo Ming Jin
3621,Frank Capra
3622,Alex Proyas
3623,Jonathan Taylor
3624,Joachim Rønning
3625,Gulzar
3626,Hans Petter Moland
3627,Munjal Shroff
3628,Tilak Shetty
3629,Oliver Blackburn
3630,William H. Macy
3631,Remy Kohli
3632,Stephen Chow
3633,Andrés Couturier
3634,Stanley Tong
3635,Suresh Pillai
3636,Yusuf Pirhasan
3637,Devin Chanda
3638,Samir Karnik
3639,Leandro Mark
3640,Giulio Base
3641,Alejandro Lozano
3642,Syed Ahmad Afzal
3643,Sopon Sukdapisit
3644,Chris Nahon
3645,R. Ellis Frazier
3646,Jaki Bradley
3647,Kazuaki Kiriya
3648,Massy Tadjedin
3649,Damien Piscarel
3650,Emmanuel Amara
3651,Anand Tucker
3652,Roy Allen Smith
3653,Ron Myrick
3654,B.N. Shajeer Sha
3655,Vic Armstrong
3656,Yang Lei
3657,Anders Falck
3658,Mario Cambi
3659,Pascal Blanchard
3660,John Huston
3661,Onur Ünlü
3662,Jenna Laurenzo
3663,Justin McConnell
3664,Kevin Peeples
3665,Alfonso Arau
3666,Karim El Sobky
3667,Ellen Weissbrod
3668,Hua Shan
3669,Tim Bartley
3670,Robyn Butler
3671,Ira Sachs
3672,Zach Clark
3673,Nick Gomez
3674,Guy Ritchie
3675,Steven Knight
3676,James Mather
3677,Fernando Sariñana
3678,Michael Anderson
3679,Jakob Verbruggen
3680,Jennifer Baichwal
3681,Sze Yu Lau
3682,David Wnendt
3683,Ignacio López Escrivá
3684,Sarah Moshman
3685,Charneice Fox
3686,Saandeep Patel
3687,Steven Fine
3688,Ahmad Samir Farag
3689,Sridhar Jetty
3690,Christian Ditter
3691,Alma Har'el
3692,Katherine Brooks
3693,Ana Quiroga
3694,Radhika Rao
3695,Prabhuraj
3696,Ticoy Rodriguez
3697,Jayan Vannery
3698,Pratim D. Gupta
3699,Dylan C. Brown
3700,Debaloy Dey
3701,George Miller
3702,Callie Khouri
3703,Jim Monaco
3704,Chun Wong
3705,Ben Patterson
3706,Aaron Burns
3707,Luc Vinciguerra
3708,Benjamin Ree
3709,Amaan Khan
3710,Li Pei-Chuan
3711,Sameer Vidwans
3712,Michael Winnick
3713,Keanu Reeves
3714,Ben Palmer
3715,Tathagata Banerjee
3716,John Upchurch
3717,Tom O'Brien
3718,Michael Roberts
3719,Rahat Kazmi
3720,Clive Tonge
3721,Nathan Landeg
3722,Pulkit
3723,Everardo Gout
3724,David Raynr
3725,David Batty
3726,Deepika Narayan Bhardwaj
3727,Eric Drath
3728,Shekhar Kapur
3729,Ui-seok Jo
3730,Pablo D'Alo Abba
3731,Sudesh Manjrekar
3732,Daniel Noah
3733,Philip Yung
3734,Hassan Hegazy
3735,Bob Hercules
3736,Samuel D. Pollard
3737,Jesús Magaña Vázquez
3738,Nathan Morlando
3739,Mina Shum
3740,Jacek Koprowicz
3741,Paul Berczeller
3742,Binu Ulahhannan
3743,Bob Odenkirk
3744,Shin-yeon Won
3745,Janet Tobias
3746,Barry Sonnenfeld
3747,John Barnard
3748,Santosh Manjrekar
3749,Bharat Nalluri
3750,Gus Van Sant
3751,Anil Thomas
3752,Gavin O'Connor
3753,Keiichi Hara
3754,Liv Ullmann
3755,Kenny Young
3756,Jennifer Siebel Newsom
3757,Barbara Kopple
3758,Julia Hart
3759,David Fairhead
3760,David Blair
3761,Osman Ali
3762,Anna Boden
3763,Munish Bhardwaj
3764,Ted Geoghegan
3765,William Monahan
3766,Martin Rosete
3767,Brett Ratner
3768,Ahmed El Gendy
3769,Holger Tappe
3770,Steve Sacks
3771,Dustin McKenzie
3772,Victor Dal Chele
3773,Mike Fetterly
3774,Dan Fraga
3775,Audu Paden
3776,Rachel Bell
3777,Barry Jenkins
3778,Antoine Bardou-Jacquet
3779,Jami
3780,Chad Hartigan
3781,Michael Mayer
3782,Avadhoot Gupte
3783,Jennifer Peedom
3784,Tomer Heymann
3785,Anthony Chan
3786,Craig Gillespie
3787,Alexandre Heboyan
3788,James Bobin
3789,Lewis Milestone
3790,Bruce McDonald
3791,Waymon Boone
3792,Dash Shaw
3793,Nathaniel Warsh
3794,Alessandro Pepe
3795,Claude Barras
3796,Jayson Thiessen
3797,Siu-hung Chung
3798,Nick Cassavetes
3799,Atsajun Sattakovit
3800,Simon Curtis
3801,Moataz El Tony
3802,Sabu Varghese
3803,Krishna Agazzi
3804,Dennis Bartok
3805,Ben Bowie
3806,Heidi Saman
3807,Natalia Valdebenito
3808,Sonia Kennebeck
3809,Gene Quintano
3810,Jon Turteltaub
3811,Roman Atwood
3812,Chad L. Scheifele
3813,George Stevens
3814,Josh Webber
3815,Arun Vaidyanathan
3816,Jordana Spiro
3817,Kelly Reichardt
3818,Anthony Bell
3819,Tim Maltby
3820,Richard Finn
3821,Kiki Goshay
3822,Rushmore DeNooyer
3823,Martin Gorst
3824,Giulia Clark
3825,Sarah Holt
3826,Terri Randall
3827,Doug Hamilton
3828,Peter Fison
3829,Graham Townsley
3830,Paula Apsell
3831,Oliver Twinch
3832,Llewellyn M. Smith
3833,Daniel McCabe
3834,Peter Yost
3835,Tom Stubberfield
3836,Noel Dockstader
3837,Gail Willumsen
3838,Sacha Gervasi
3839,Lesli Linka Glatter
3840,Peter Pardini
3841,Sam Taylor-Johnson
3842,Dana Doron
3843,Enrico Bisi
3844,Lars von Trier
3845,Mat Whitecross
3846,Jacques Perrin
3847,Luke Sparke
3848,Nacho G. Velilla
3849,Shawn Crahan
3850,Poj Arnon
3851,Clarence Yiu-leung Fok
3852,Heitor Dhalia
3853,Pradip Kurbah
3854,Charlie Lightening
3855,Simon Rumley
3856,Banjong Pisanthanakun
3857,Morgan Spurlock
3858,Tim Rouhana
3859,Noah Moskin
3860,Jasmine D'Souza
3861,Nicolas Winding Refn
3862,Bill Guttentag
3863,John H. Lee
3864,Logan Kibens
3865,Chia Tang
3866,Peter McDonnell
3867,Kiran Narayanan
3868,Ben C. Lucas
3869,Jayaraj Rajasekharan Nair
3870,Mark Franchetti
3871,Adam Collins
3872,Paul Spurrier
3873,Chandran Narikode
3874,Jorge Granier
3875,Piti Jaturaphat
3876,Amber Tamblyn
3877,Alex Law
3878,Bhagyaraj
3879,Rebecca Addelman
3880,Oren Peli
3881,Gafoor Y. Elliyaas
3882,Jennie Livingston
3883,Kevin Hooks
3884,Dileep Narayanan
3885,Paritosh Painter
3886,Paul Reubens
3887,Mohd Khairul Azri Bin Md Noor
3888,Mark Palansky
3889,J.C. Falcón
3890,C.J. Wallis
3891,James Foley
3892,Tony Stone
3893,Karan Lalit Butani
3894,Jean-Loup Felicioli
3895,Ajay Bhuyan
3896,Abhishek Saxena
3897,Dana Nachman
3898,Oscar Micheaux
3899,Christophe Honoré
3900,Jean-Simon Chartier
3901,Wim Wenders
3902,Gabe Klinger
3903,Steve McLean
3904,Charlie Haskell
3905,James Barr
3906,Ashish R. Shukla
3907,Bhavik Thakore
3908,Stephen Cone
3909,Anurag Singh
3910,Luis Prieto
3911,Michael Tolajian
3912,Richard Correll
3913,Raphael Erichsen
3914,Hari Viswanath
3915,Manish Gupta
3916,Jeremy Coon
3917,Ding Sheng
3918,Basu Chatterjee
3919,Phil Johnston
3920,Eric Khoo
3921,Sanjay Dayma
3922,Kim Sung-hoon
3923,Girish Joshi
3924,Amir Mohiuddin
3925,Husam El-Gohari
3926,Nicholas Ray
3927,Michael James Regan
3928,Craig Anderson
3929,John Milius
3930,Amitava Bhattacharya
3931,Marina Willer
3932,Clementine Malpas
3933,Andy Capper
3934,Shamyl Othman
3935,Allen Coulter
3936,René Pérez Joglar
3937,Linda Saffire
3938,Vijay Jayapal
3939,Jani Lachauer
3940,Jon Avnet
3941,Devaki Singh
3942,Amit Rai
3943,Pierfrancesco Diliberto
3944,Nicholas Winter
3945,Sylvester Stallone
3946,Nancy Schwartzman
3947,Mitch Dickman
3948,Lenny Abrahamson
3949,Matthew Atkinson
3950,Max Lang
3951,Shweta Basu Prasad
3952,Roman Polanski
3953,John Dahl
3954,Jay Chandrasekhar
3955,Atanu Mukherjee
3956,Jeeva
3957,David L. Cunningham
3958,Dharmendra Suresh Desai
3959,Alex Infascelli
3960,Raman Kumar
3961,Hakan Yonat
3962,Michael Seater
3963,Balu Mahendra
3964,Ehtesham Uddin
3965,Kireet Khurana
3966,Sanjay Soorkar
3967,Mohamed Hamdy
3968,Partha Chakraborty
3969,K. Gopinathan
3970,Bruce MacDonald
3971,Rajeev Patil
3972,Glenn Miller
3973,Venugopan
3974,Kamal Sahani
3975,V. Scott Balcerek
3976,Raj N. Sippy
3977,Damon Cardasis
3978,Jeffrey G. Hunt
3979,Kevan Peterson
3980,Dino Risi
3981,Keenen Ivory Wayans
3982,Hiroshi Aoyama
3983,Edgar Wright
3984,Wes Craven
3985,Steven Zaillian
3986,Malik Bendjelloul
3987,Jay Chou
3988,Billy Ray
3989,Kasia Uscinska
3990,Susannah Ward
3991,Sam Taplin
3992,Vicky Matthews
3993,Louise Wardle
3994,Kenneth Müller
3995,Michael Patrick King
3996,Max Martini
3997,Krishna Vamshi
3998,Gurudev Bhalla
3999,Samar Khan
4000,Raymond McGrath
4001,Adele K. Thomas
4002,Richard Bailey
4003,Jitendra Tiwari
4004,Destin Daniel Cretton
4005,Barney Clay
4006,Adarsh Eshwarappa
4007,Fabio Grassadonia
4008,Vivek Wagh
4009,M.J. Bassett
4010,Jason Cohen
4011,Anil Sharma
4012,Robert Kouba
4013,Dorian Fernández-Moris
4014,Gregg Bishop
4015,Corey Grant
4016,Ekachai Uekrongtham
4017,Fredric Lean
4018,Colin Strause
4019,Leslye Headland
4020,Joe Nussbaum
4021,Billy Bob Thornton
4022,John Maclean
4023,Alex Winter
4024,Fred Olen Ray
4025,Jonathan Ignatius Green
4026,Ian MacAllister-McDonald
4027,Nancy Meyers
4028,Julius Avery
4029,Jeffrey C. Bell
4030,David Allensworth
4031,Sam O'Steen
4032,Dan Harris
4033,Mark Sloper
4034,Sam Raimi
4035,Peter Ramsey
4036,Tom McCarthy
4037,Harmony Korine
4038,Storm Saulter
4039,Christopher Ray
4040,Adam Alleca
4041,Alison E. Rose
4042,Ola Flyum
4043,Akiva Goldsman
4044,Arjun Gourisaria
4045,Chatchai Katenut
4046,Jon J. Whelan
4047,Alex Holmes
4048,Raj B. Shetty
4049,James Sweeney
4050,Rowan Athale
4051,Baz Luhrmann
4052,Ester Gould
4053,Andrew Bergman
4054,Afonso Poyart
4055,J.M. Berrios
4056,Stefano Sollima
4057,Chayanop Boonprakob
4058,Zakariya
4059,Benny Fredman
4060,Saul Dibb
4061,Joseph Cross
4062,Kasper Barfoed
4063,Partho Sen-Gupta
4064,Sumit Das
4065,Kevin Phillips
4066,Greg Mottola
4067,Gordon Parks
4068,Bryan Singer
4069,Bruce McCulloch
4070,Matthew Cooke
4071,Anthony Caronna
4072,Matt Wechsler
4073,Jamie M. Dagg
4074,Dan Kwan
4075,Derek Yee
4076,Navneet Behal
4077,Julien Seri
4078,Brian Smith
4079,Ryu Jung-woo
4080,Sonia Lowman
4081,John Carchietta
4082,Kevin Munroe
4083,Michael Pressman
4084,Steve Barron
4085,Einar Gabbassov
4086,Natalia Garagiola
4087,Jevons Au
4088,Yann Arthus-Bertrand
4089,Damien Leone
4090,Sukhbir Singh
4091,Dheeraj Berry
4092,Mitzi Vanessa Arreola
4093,Matthew Shoychet
4094,Pamela Romanowsky
4095,Geoff Anderson
4096,Esteban Sapir
4097,Jee-woon Kim
4098,Andrew Douglas
4099,Thurop Van Orman
4100,Denis Hennelly
4101,Jonathan Sobol
4102,Christian Duguay
4103,André Øvredal
4104,Kurt Voelker
4105,Elliot Hegarty
4106,Keith Fulton
4107,Brian M. Conley
4108,John Ford
4109,Tommy Avallone
4110,Rolfe Kanefsky
4111,Philippe Falardeau
4112,Kevin Ford
4113,Albert Hughes
4114,Olivier Loustau
4115,Richard Kelly
4116,William Brent Bell
4117,Mark Herman
4118,Neil Jordan
4119,Ken Kushner
4120,Nora Twomey
4121,Stacy Title
4122,Graham Phillips
4123,Ofir Raul Graizer
4124,Bumpy
4125,Elliot Silverstein
4126,Sean Menard
4127,Jon Gunn
4128,Tarek Al Eryan
4129,Craig Moss
4130,Magdy Al-Hawwary
4131,Antonio Chavarrías
4132,John Stephenson
4133,Michael Buster
4134,Bob Nelson
4135,Ari Folman
4136,Andrew Fleming
4137,Kirk De Micco
4138,Marek Piwowski
4139,Jarrad Paul
4140,Satish Manwar
4141,Frank Oz
4142,Tariq Khan
4143,Peter Mortimer
4144,Cecilia Atán
4145,Blair Hayes
4146,William Friedkin
4147,Stephanie Soechtig
4148,Bette Gordon
4149,Kieran Darcy-Smith
4150,Robert Berlinger
4151,Paul Andrew Williams
4152,James Ponsoldt
4153,David Leveaux
4154,Michael Samuels
4155,Jenée LaMarque
4156,Coerte Voorhees
4157,Rodrigo Van Der Put
4158,Hugh WIlson
4159,Meng Hua Ho
4160,Peter Nicks
4161,Oliver Frampton
4162,Scott Walker
4163,Mario Mattei
4164,Cody Stokes
4165,Doron Paz
4166,Paul Shoulberg
4167,Kasra Farahani
4168,Michel Gondry
4169,Michael G. Kehoe
4170,Mickey Liddell
4171,Paco Arango
4172,Maya Gallus
4173,Chad Archibald
4174,Mark Columbus
4175,Damani Baker
4176,Rudradeep Bhattacharjee
4177,Rob W. King
4178,Isaac Ezban
4179,Philip Einstein Lipski
4180,Femi Oyeniran
4181,Phyllida Lloyd
4182,Benjamin Cohen
4183,Robin Swicord
4184,Karen Moncrieff
4185,Alejandro Agresti
4186,Timothy Reckart
4187,Pieter-Jan De Pue
4188,Gillian Armstrong
4189,Mark Craig
4190,Dennis Scholl
4191,Rob Smat
4192,Blake Harris
4193,Mark Osborne
4194,Brian O'Malley
4195,Jay Lyons
4196,Robert Aldrich
4197,Fred Durst
4198,Joshua Oppenheimer
4199,Marco Schnabel
4200,Robert Cannan
4201,Stanisław Różewicz
4202,Johnny To
4203,Robert Tate
4204,John Mikulak
4205,Park In-je
4206,William Wyler
4207,Grant Heslov
4208,Mads Matthiesen
4209,John Banas
4210,Michael Radford
4211,Stuart Heisler
4212,Carly Stone
4213,Stefan Aust
4214,John Duigan
4215,Ben A. Williams
4216,Mimi Leder
4217,Alan J. Pakula
4218,Jean-Pierre Devillers
4219,Stephen Chbosky
4220,Joel Schumacher
4221,Peggy Holmes
4222,Bryan Buckley
4223,Peter Lord
4224,Keerthi
4225,Chan-sang Lim
4226,Brian A. Miller
4227,Martha Coolidge
4228,Ron Clements
4229,Na Hyeon
4230,John Papola
4231,Grant Korgan
4232,Francis Ford Coppola
4233,Miriam Chandy Menacherry
4234,Kevin Derek
4235,Shaina Allen
4236,Alison MacLean
4237,Steve Barker
4238,Dejan Zečević
4239,Hadi El Bagoury
4240,Lone Scherfig
4241,N.D. Wilson
4242,Curtis Hanson
4243,Christian E. Christiansen
4244,Bruce Robinson
4245,Austin Stark
4246,Kristian Levring
4247,Stephen Amezdroz
4248,Giancarlo Esposito
4249,William Eubank
4250,Sunil Soraya
4251,Krzysztof Zanussi
4252,Thomas Meadmore
4253,Kyle Patrick Alvarez
4254,Steven R. Monroe
4255,Cosmo Feilding-Mellen
4256,Stephan Rick
4257,Will Lockhart
4258,Tobe Hooper
4259,Mohammed El-Tahawy
4260,Lena Khan
4261,Leanne Gater
4262,Robert Schwentke
4263,Brendan Malloy
4264,David Koepp
4265,Ben Brewer
4266,David Briggs
4267,Kevin Donovan
4268,Jean-Pierre Dardenne
4269,Mark Neveldine
4270,Ossama Abu El Atta
4271,Russell Crowe
4272,Jay Russell
4273,Robert Eggers
4274,Kyle Rankin
4275,Neil Rawles
4276,Emil Ben-Shimon
4277,Laurent Cantet
4278,Michael Apted
4279,Victoria Bromley
4280,George Mendeluk
4281,Peter Foott
4282,Peter Svatek
4283,Saheed Arafath
4284,Charlotte Zwerin
4285,David Shisgall
4286,Derek Hui
4287,Wim Bonte
4288,Raam Reddy
4289,Bin Bunluerit
4290,Benjamin Ross
4291,Stephen Hopkins
4292,Jordan Ross
4293,Li Jun
4294,Steve Loter
4295,Sonny Marler
4296,Edward Ellis
4297,Beeban Kidron
4298,Michael Cumming
4299,Kyoko Miyake
4300,Phil Roman
4301,Roger Spottiswoode
4302,Buddhadev Dasgupta
4303,Sukum Maetawanitch
4304,Jeffrey Nachmanoff
4305,Wally Pfister
4306,Richard Bates Jr.
4307,Jon Reiner
4308,Ron Underwood
4309,S.S. Wilson
4310,Brent Maddock
4311,Adam Smith
4312,Jitender Pawar
4313,Nicholas Zeig-Owens
4314,Shaul Schwarz
4315,Tekin Girgin
4316,Henry Hathaway
4317,Preston A. Whitmore II
4318,David Soren
4319,Hidetaka Inazuka
4320,Buz Wallick
4321,Gary Young
4322,Susan Lambert
4323,Benedict Andrews
4324,Paul Feig
4325,Michael Mazzola
4326,Chris Burkard
4327,Jonathan Glazer
4328,Sanjay Patel
4329,Sherif Mandour
4330,Jason Reitman
4331,Pradeep Verma
4332,Mario Van Peebles
4333,Ashu Trikha
4334,Amanda Micheli
4335,Gurinder Chadha
4336,Brandon Dickerson
4337,David L.G. Hughes
4338,Harvey Lilley
4339,Gary Michael Schultz
4340,P.T. Kunju Muhammad
4341,Ganesh Kadam
4342,Kushal Srivastava
4343,Ed Lilly
4344,Bilal Lashari
4345,Param Gill
4346,Anu Menon
4347,Rob McKittrick
4348,Marc Francis
4349,Alex Smith
4350,Philip G. Atwell
4351,Faraz Haider
4352,John Michael McDonagh
4353,Jack Zagha Kababie
4354,Marina Zenovich
4355,Tiffanie Hsu
4356,Max Joseph
4357,David Serrano
4358,Jeremiah Zagar
4359,Antoni Krauze
4360,Chi Fat Chan
4361,Ashish R. Mohan
4362,Stephen Donnelly
4363,Abel Ferrara
4364,Trevor Ryan
4365,Michael Fahey
4366,Huang Lei
4367,Rebecca Harrison
4368,Josh Mendoza
4369,Ritu Sarin
4370,Heidi Brandenburg
4371,Marek Kanievska
4372,Paul Raschid
4373,Drew Stone
4374,Milla Harrison-Hansley
4375,Dhruv Dhawan
4376,Paul Dano
4377,Morgan Matthews
4378,Mel Stuart
4379,Pascale Lamche
4380,Debra Granik
4381,Zach Braff
4382,Theo Davies
4383,Adrian Murray
4384,Bart Freundlich
4385,Storm Theunissen
4386,David Guy Levy
4387,Yasir Nawaz
4388,Lawrence Kasdan
4389,Jovanka Vuckovic
4390,N. Chandra
4391,Abu Bakr Shawky
4392,Christian De Vita
4393,Saratswadee Wongsomphet
4394,Kirati Nakintanon
4395,Mark Risley
4396,James Brown
4397,Ivona Juka
4398,Mu Chu
4399,Chandra Prakash Dwivedi
4400,Majid Al Ansari
4401,Peter Hewitt
4402,Mozez Singh
